,0
bmi_mean,0.40343425527287735
ldl_mean,0.1375979724089518
chol_last,0.11821043565841773
sbp_mean,0.10800658221635726
egfr_mean,0.056612868905589815
enc_wellness,0.046313560881984774
hba1c_mean,0.0375498334371292
dbp_mean,0.023562382555592537
medication_count,0.021954075265836905
creat_mean,0.01841367038866366
bmi_last,0.015447941341633787
chol_mean,0.012896421666965328
enc_urgentcare,0.0
enc_virtual,0.0
INCOME_9740,0.0
weight_mean,0.0
INCOME_98825,0.0
INCOME_98766,0.0
INCOME_99984,0.0
encounter_count,0.0
enc_ambulatory,0.0
enc_outpatient,0.0
glucose_mean,0.0
hdl_mean,0.0
height_mean,0.0
hr_mean,0.0
rr_mean,0.0
enc_home,0.0
creat_last,0.0
dbp_last,0.0
egfr_last,0.0
glucose_last,0.0
hba1c_last,0.0
hdl_last,0.0
height_last,0.0
hr_last,0.0
ldl_last,0.0
rr_last,0.0
sbp_last,0.0
weight_last,0.0
AGE,0.0
MARITAL_D,0.0
MARITAL_M,0.0
MARITAL_S,0.0
MARITAL_W,0.0
RACE_asian,0.0
RACE_black,0.0
RACE_hawaiian,0.0
RACE_native,0.0
RACE_other,0.0
RACE_white,0.0
ETHNICITY_hispanic,0.0
ETHNICITY_nonhispanic,0.0
GENDER_F,0.0
GENDER_M,0.0
HEALTHCARE_EXPENSES_100147.62,0.0
HEALTHCARE_EXPENSES_10034.66,0.0
HEALTHCARE_EXPENSES_100350.91,0.0
HEALTHCARE_EXPENSES_100532.48,0.0
HEALTHCARE_EXPENSES_10060.08,0.0
HEALTHCARE_EXPENSES_100621.15,0.0
HEALTHCARE_EXPENSES_1006656.85,0.0
HEALTHCARE_EXPENSES_1007677.65,0.0
HEALTHCARE_EXPENSES_101047.72,0.0
HEALTHCARE_EXPENSES_101401.16,0.0
HEALTHCARE_EXPENSES_101438.98,0.0
HEALTHCARE_EXPENSES_10144.27,0.0
HEALTHCARE_EXPENSES_101470.46,0.0
HEALTHCARE_EXPENSES_101493.21,0.0
HEALTHCARE_EXPENSES_1018997.82,0.0
HEALTHCARE_EXPENSES_10195.92,0.0
HEALTHCARE_EXPENSES_10196.31,0.0
HEALTHCARE_EXPENSES_102198.12,0.0
HEALTHCARE_EXPENSES_102217.28,0.0
HEALTHCARE_EXPENSES_1023510.86,0.0
HEALTHCARE_EXPENSES_10260.26,0.0
HEALTHCARE_EXPENSES_102652.40,0.0
HEALTHCARE_EXPENSES_102686.25,0.0
HEALTHCARE_EXPENSES_1027564.04,0.0
HEALTHCARE_EXPENSES_1028143.07,0.0
HEALTHCARE_EXPENSES_102861.51,0.0
HEALTHCARE_EXPENSES_10302.00,0.0
HEALTHCARE_EXPENSES_103025.30,0.0
HEALTHCARE_EXPENSES_103044.90,0.0
HEALTHCARE_EXPENSES_10325.52,0.0
HEALTHCARE_EXPENSES_103276.10,0.0
HEALTHCARE_EXPENSES_1032960.56,0.0
HEALTHCARE_EXPENSES_1035768.42,0.0
HEALTHCARE_EXPENSES_103668.06,0.0
HEALTHCARE_EXPENSES_103686.02,0.0
HEALTHCARE_EXPENSES_103893.50,0.0
HEALTHCARE_EXPENSES_10393.34,0.0
HEALTHCARE_EXPENSES_104017.01,0.0
HEALTHCARE_EXPENSES_104113.86,0.0
HEALTHCARE_EXPENSES_104120.24,0.0
HEALTHCARE_EXPENSES_104129.26,0.0
HEALTHCARE_EXPENSES_10422.99,0.0
HEALTHCARE_EXPENSES_10433.23,0.0
HEALTHCARE_EXPENSES_104376.23,0.0
HEALTHCARE_EXPENSES_104730.93,0.0
HEALTHCARE_EXPENSES_105120.28,0.0
HEALTHCARE_EXPENSES_10535.81,0.0
HEALTHCARE_EXPENSES_10545.86,0.0
HEALTHCARE_EXPENSES_10550.01,0.0
HEALTHCARE_EXPENSES_105544.33,0.0
HEALTHCARE_EXPENSES_105708.88,0.0
HEALTHCARE_EXPENSES_105718.73,0.0
HEALTHCARE_EXPENSES_106432.28,0.0
HEALTHCARE_EXPENSES_1066.28,0.0
HEALTHCARE_EXPENSES_10688.26,0.0
HEALTHCARE_EXPENSES_1068971.92,0.0
HEALTHCARE_EXPENSES_107063.62,0.0
HEALTHCARE_EXPENSES_10715.66,0.0
HEALTHCARE_EXPENSES_10718.50,0.0
HEALTHCARE_EXPENSES_107293.98,0.0
HEALTHCARE_EXPENSES_10733.60,0.0
HEALTHCARE_EXPENSES_10741.72,0.0
HEALTHCARE_EXPENSES_107530.57,0.0
HEALTHCARE_EXPENSES_108125.88,0.0
HEALTHCARE_EXPENSES_10822.94,0.0
HEALTHCARE_EXPENSES_108276.40,0.0
HEALTHCARE_EXPENSES_108280.95,0.0
HEALTHCARE_EXPENSES_108288.22,0.0
HEALTHCARE_EXPENSES_108582.93,0.0
HEALTHCARE_EXPENSES_10862.80,0.0
HEALTHCARE_EXPENSES_109086.03,0.0
HEALTHCARE_EXPENSES_109126.10,0.0
HEALTHCARE_EXPENSES_109274.65,0.0
HEALTHCARE_EXPENSES_109292.33,0.0
HEALTHCARE_EXPENSES_109377.07,0.0
HEALTHCARE_EXPENSES_10950.87,0.0
HEALTHCARE_EXPENSES_1095475.78,0.0
HEALTHCARE_EXPENSES_1098860.51,0.0
HEALTHCARE_EXPENSES_10997.10,0.0
HEALTHCARE_EXPENSES_1100.00,0.0
HEALTHCARE_EXPENSES_1100403.50,0.0
HEALTHCARE_EXPENSES_110161.66,0.0
HEALTHCARE_EXPENSES_11024.45,0.0
HEALTHCARE_EXPENSES_110264.26,0.0
HEALTHCARE_EXPENSES_110445.72,0.0
HEALTHCARE_EXPENSES_110595.20,0.0
HEALTHCARE_EXPENSES_1111729.52,0.0
HEALTHCARE_EXPENSES_111274.37,0.0
HEALTHCARE_EXPENSES_111441.67,0.0
HEALTHCARE_EXPENSES_111450.34,0.0
HEALTHCARE_EXPENSES_11160.27,0.0
HEALTHCARE_EXPENSES_11186.41,0.0
HEALTHCARE_EXPENSES_11186.68,0.0
HEALTHCARE_EXPENSES_11202.77,0.0
HEALTHCARE_EXPENSES_112109.04,0.0
HEALTHCARE_EXPENSES_1121286.18,0.0
HEALTHCARE_EXPENSES_112356.41,0.0
HEALTHCARE_EXPENSES_11274.26,0.0
HEALTHCARE_EXPENSES_112886.46,0.0
HEALTHCARE_EXPENSES_1128984.72,0.0
HEALTHCARE_EXPENSES_1129438.17,0.0
HEALTHCARE_EXPENSES_112993.17,0.0
HEALTHCARE_EXPENSES_113156.12,0.0
HEALTHCARE_EXPENSES_113252.58,0.0
HEALTHCARE_EXPENSES_113337.88,0.0
HEALTHCARE_EXPENSES_11339.08,0.0
HEALTHCARE_EXPENSES_113666.73,0.0
HEALTHCARE_EXPENSES_113732.68,0.0
HEALTHCARE_EXPENSES_113741.53,0.0
HEALTHCARE_EXPENSES_114457.92,0.0
HEALTHCARE_EXPENSES_114477.57,0.0
HEALTHCARE_EXPENSES_114512.18,0.0
HEALTHCARE_EXPENSES_11453.18,0.0
HEALTHCARE_EXPENSES_11461.97,0.0
HEALTHCARE_EXPENSES_11465.68,0.0
HEALTHCARE_EXPENSES_114756.58,0.0
HEALTHCARE_EXPENSES_114853.36,0.0
HEALTHCARE_EXPENSES_114906.29,0.0
HEALTHCARE_EXPENSES_11502.50,0.0
HEALTHCARE_EXPENSES_115052.52,0.0
HEALTHCARE_EXPENSES_1153819.62,0.0
HEALTHCARE_EXPENSES_11541.01,0.0
HEALTHCARE_EXPENSES_1154931.59,0.0
HEALTHCARE_EXPENSES_115616.26,0.0
HEALTHCARE_EXPENSES_1157400.16,0.0
HEALTHCARE_EXPENSES_11601.56,0.0
HEALTHCARE_EXPENSES_116012.01,0.0
HEALTHCARE_EXPENSES_116015.85,0.0
HEALTHCARE_EXPENSES_11633.48,0.0
HEALTHCARE_EXPENSES_11635.31,0.0
HEALTHCARE_EXPENSES_11655.76,0.0
HEALTHCARE_EXPENSES_116799.40,0.0
HEALTHCARE_EXPENSES_1168604.78,0.0
HEALTHCARE_EXPENSES_1170589.18,0.0
HEALTHCARE_EXPENSES_117490.95,0.0
HEALTHCARE_EXPENSES_117554.17,0.0
HEALTHCARE_EXPENSES_117736.91,0.0
HEALTHCARE_EXPENSES_117742.21,0.0
HEALTHCARE_EXPENSES_11793.30,0.0
HEALTHCARE_EXPENSES_1179581.14,0.0
HEALTHCARE_EXPENSES_118089.42,0.0
HEALTHCARE_EXPENSES_11831.41,0.0
HEALTHCARE_EXPENSES_118398.05,0.0
HEALTHCARE_EXPENSES_11845.23,0.0
HEALTHCARE_EXPENSES_11849.22,0.0
HEALTHCARE_EXPENSES_118544.30,0.0
HEALTHCARE_EXPENSES_118677.68,0.0
HEALTHCARE_EXPENSES_11873.66,0.0
HEALTHCARE_EXPENSES_118960.56,0.0
HEALTHCARE_EXPENSES_11901.74,0.0
HEALTHCARE_EXPENSES_119052.29,0.0
HEALTHCARE_EXPENSES_11915.34,0.0
HEALTHCARE_EXPENSES_1191862.91,0.0
HEALTHCARE_EXPENSES_11930.14,0.0
HEALTHCARE_EXPENSES_119738.42,0.0
HEALTHCARE_EXPENSES_1197579.55,0.0
HEALTHCARE_EXPENSES_11978.18,0.0
HEALTHCARE_EXPENSES_119870.18,0.0
HEALTHCARE_EXPENSES_11994.41,0.0
HEALTHCARE_EXPENSES_119959.87,0.0
HEALTHCARE_EXPENSES_120125.33,0.0
HEALTHCARE_EXPENSES_12052.22,0.0
HEALTHCARE_EXPENSES_12053.95,0.0
HEALTHCARE_EXPENSES_120781.32,0.0
HEALTHCARE_EXPENSES_120944.02,0.0
HEALTHCARE_EXPENSES_121088.29,0.0
HEALTHCARE_EXPENSES_12110.45,0.0
HEALTHCARE_EXPENSES_12134.74,0.0
HEALTHCARE_EXPENSES_121387.90,0.0
HEALTHCARE_EXPENSES_121768.70,0.0
HEALTHCARE_EXPENSES_121795.55,0.0
HEALTHCARE_EXPENSES_121801.70,0.0
HEALTHCARE_EXPENSES_121876.87,0.0
HEALTHCARE_EXPENSES_122321.77,0.0
HEALTHCARE_EXPENSES_12249.80,0.0
HEALTHCARE_EXPENSES_122622.01,0.0
HEALTHCARE_EXPENSES_123045.72,0.0
HEALTHCARE_EXPENSES_12362.95,0.0
HEALTHCARE_EXPENSES_12380.97,0.0
HEALTHCARE_EXPENSES_123972.08,0.0
HEALTHCARE_EXPENSES_124057.99,0.0
HEALTHCARE_EXPENSES_12416.99,0.0
HEALTHCARE_EXPENSES_124194.85,0.0
HEALTHCARE_EXPENSES_12426.70,0.0
HEALTHCARE_EXPENSES_124317.25,0.0
HEALTHCARE_EXPENSES_12443.89,0.0
HEALTHCARE_EXPENSES_12448.95,0.0
HEALTHCARE_EXPENSES_12450.00,0.0
HEALTHCARE_EXPENSES_124681.61,0.0
HEALTHCARE_EXPENSES_124823.06,0.0
HEALTHCARE_EXPENSES_12493.18,0.0
HEALTHCARE_EXPENSES_12495.55,0.0
HEALTHCARE_EXPENSES_1251512.57,0.0
HEALTHCARE_EXPENSES_1251708.57,0.0
HEALTHCARE_EXPENSES_12542.43,0.0
HEALTHCARE_EXPENSES_125490.18,0.0
HEALTHCARE_EXPENSES_12564.64,0.0
HEALTHCARE_EXPENSES_125654.96,0.0
HEALTHCARE_EXPENSES_1258693.98,0.0
HEALTHCARE_EXPENSES_126052.77,0.0
HEALTHCARE_EXPENSES_126169.56,0.0
HEALTHCARE_EXPENSES_126176.81,0.0
HEALTHCARE_EXPENSES_126334.95,0.0
HEALTHCARE_EXPENSES_126359.61,0.0
HEALTHCARE_EXPENSES_126453.16,0.0
HEALTHCARE_EXPENSES_126597.07,0.0
HEALTHCARE_EXPENSES_12665.40,0.0
HEALTHCARE_EXPENSES_12674.44,0.0
HEALTHCARE_EXPENSES_12678.71,0.0
HEALTHCARE_EXPENSES_12680.64,0.0
HEALTHCARE_EXPENSES_126816.96,0.0
HEALTHCARE_EXPENSES_126895.68,0.0
HEALTHCARE_EXPENSES_1269071.91,0.0
HEALTHCARE_EXPENSES_127010.96,0.0
HEALTHCARE_EXPENSES_12707.71,0.0
HEALTHCARE_EXPENSES_127436.38,0.0
HEALTHCARE_EXPENSES_127484.47,0.0
HEALTHCARE_EXPENSES_127560.18,0.0
HEALTHCARE_EXPENSES_12759.24,0.0
HEALTHCARE_EXPENSES_12765.15,0.0
HEALTHCARE_EXPENSES_127714.92,0.0
HEALTHCARE_EXPENSES_128374.98,0.0
HEALTHCARE_EXPENSES_12873.86,0.0
HEALTHCARE_EXPENSES_12897.58,0.0
HEALTHCARE_EXPENSES_12897.99,0.0
HEALTHCARE_EXPENSES_129466.45,0.0
HEALTHCARE_EXPENSES_1295.86,0.0
HEALTHCARE_EXPENSES_129528.50,0.0
HEALTHCARE_EXPENSES_129534.71,0.0
HEALTHCARE_EXPENSES_129609.37,0.0
HEALTHCARE_EXPENSES_129667.43,0.0
HEALTHCARE_EXPENSES_129677.86,0.0
HEALTHCARE_EXPENSES_1298125.72,0.0
HEALTHCARE_EXPENSES_13004.89,0.0
HEALTHCARE_EXPENSES_130125.39,0.0
HEALTHCARE_EXPENSES_13020.67,0.0
HEALTHCARE_EXPENSES_130242.10,0.0
HEALTHCARE_EXPENSES_130277.14,0.0
HEALTHCARE_EXPENSES_13030.88,0.0
HEALTHCARE_EXPENSES_1303142.15,0.0
HEALTHCARE_EXPENSES_130448.27,0.0
HEALTHCARE_EXPENSES_130457.02,0.0
HEALTHCARE_EXPENSES_130539.16,0.0
HEALTHCARE_EXPENSES_130634.94,0.0
HEALTHCARE_EXPENSES_13095.42,0.0
HEALTHCARE_EXPENSES_131146.52,0.0
HEALTHCARE_EXPENSES_1312319.07,0.0
HEALTHCARE_EXPENSES_131251.85,0.0
HEALTHCARE_EXPENSES_13143.48,0.0
HEALTHCARE_EXPENSES_131638.46,0.0
HEALTHCARE_EXPENSES_131767.83,0.0
HEALTHCARE_EXPENSES_131836.60,0.0
HEALTHCARE_EXPENSES_13194.21,0.0
HEALTHCARE_EXPENSES_13209.99,0.0
HEALTHCARE_EXPENSES_132180.17,0.0
HEALTHCARE_EXPENSES_132297.54,0.0
HEALTHCARE_EXPENSES_132643.29,0.0
HEALTHCARE_EXPENSES_13275.04,0.0
HEALTHCARE_EXPENSES_13289.54,0.0
HEALTHCARE_EXPENSES_132902.41,0.0
HEALTHCARE_EXPENSES_132995.84,0.0
HEALTHCARE_EXPENSES_13315.10,0.0
HEALTHCARE_EXPENSES_13320.98,0.0
HEALTHCARE_EXPENSES_133422.66,0.0
HEALTHCARE_EXPENSES_13343.26,0.0
HEALTHCARE_EXPENSES_133541.61,0.0
HEALTHCARE_EXPENSES_133590.45,0.0
HEALTHCARE_EXPENSES_133592.22,0.0
HEALTHCARE_EXPENSES_133770.96,0.0
HEALTHCARE_EXPENSES_134104.16,0.0
HEALTHCARE_EXPENSES_134245.30,0.0
HEALTHCARE_EXPENSES_13435.55,0.0
HEALTHCARE_EXPENSES_134446.64,0.0
HEALTHCARE_EXPENSES_134483.10,0.0
HEALTHCARE_EXPENSES_13473.95,0.0
HEALTHCARE_EXPENSES_134745.64,0.0
HEALTHCARE_EXPENSES_13477.37,0.0
HEALTHCARE_EXPENSES_134789.82,0.0
HEALTHCARE_EXPENSES_134790.12,0.0
HEALTHCARE_EXPENSES_135130.89,0.0
HEALTHCARE_EXPENSES_135164.47,0.0
HEALTHCARE_EXPENSES_13542.22,0.0
HEALTHCARE_EXPENSES_135430.97,0.0
HEALTHCARE_EXPENSES_135549.08,0.0
HEALTHCARE_EXPENSES_13556.01,0.0
HEALTHCARE_EXPENSES_13567.45,0.0
HEALTHCARE_EXPENSES_135883.30,0.0
HEALTHCARE_EXPENSES_136431.41,0.0
HEALTHCARE_EXPENSES_136518.91,0.0
HEALTHCARE_EXPENSES_136618.16,0.0
HEALTHCARE_EXPENSES_136827.14,0.0
HEALTHCARE_EXPENSES_136853.10,0.0
HEALTHCARE_EXPENSES_13705.96,0.0
HEALTHCARE_EXPENSES_1371649.59,0.0
HEALTHCARE_EXPENSES_137189.83,0.0
HEALTHCARE_EXPENSES_137334.33,0.0
HEALTHCARE_EXPENSES_1374235.43,0.0
HEALTHCARE_EXPENSES_13745.86,0.0
HEALTHCARE_EXPENSES_137463.17,0.0
HEALTHCARE_EXPENSES_13784.28,0.0
HEALTHCARE_EXPENSES_13787.58,0.0
HEALTHCARE_EXPENSES_137930.12,0.0
HEALTHCARE_EXPENSES_138695.01,0.0
HEALTHCARE_EXPENSES_138953.82,0.0
HEALTHCARE_EXPENSES_13897.85,0.0
HEALTHCARE_EXPENSES_13898.47,0.0
HEALTHCARE_EXPENSES_139094.08,0.0
HEALTHCARE_EXPENSES_139577.07,0.0
HEALTHCARE_EXPENSES_13958.96,0.0
HEALTHCARE_EXPENSES_1396.46,0.0
HEALTHCARE_EXPENSES_139648.04,0.0
HEALTHCARE_EXPENSES_139749.39,0.0
HEALTHCARE_EXPENSES_1398.81,0.0
HEALTHCARE_EXPENSES_139848.54,0.0
HEALTHCARE_EXPENSES_1400.00,0.0
HEALTHCARE_EXPENSES_140123.37,0.0
HEALTHCARE_EXPENSES_140127.93,0.0
HEALTHCARE_EXPENSES_140173.69,0.0
HEALTHCARE_EXPENSES_140175.49,0.0
HEALTHCARE_EXPENSES_140256.57,0.0
HEALTHCARE_EXPENSES_1404051.49,0.0
HEALTHCARE_EXPENSES_140449.21,0.0
HEALTHCARE_EXPENSES_140708.86,0.0
HEALTHCARE_EXPENSES_141150.33,0.0
HEALTHCARE_EXPENSES_14124.23,0.0
HEALTHCARE_EXPENSES_141260.77,0.0
HEALTHCARE_EXPENSES_14169.31,0.0
HEALTHCARE_EXPENSES_141796.67,0.0
HEALTHCARE_EXPENSES_141925.24,0.0
HEALTHCARE_EXPENSES_14195.59,0.0
HEALTHCARE_EXPENSES_142055.25,0.0
HEALTHCARE_EXPENSES_14280.69,0.0
HEALTHCARE_EXPENSES_14287.94,0.0
HEALTHCARE_EXPENSES_143323.47,0.0
HEALTHCARE_EXPENSES_14338.69,0.0
HEALTHCARE_EXPENSES_143697.43,0.0
HEALTHCARE_EXPENSES_143995.93,0.0
HEALTHCARE_EXPENSES_144353.00,0.0
HEALTHCARE_EXPENSES_144378.51,0.0
HEALTHCARE_EXPENSES_14438.84,0.0
HEALTHCARE_EXPENSES_14471.61,0.0
HEALTHCARE_EXPENSES_14490.85,0.0
HEALTHCARE_EXPENSES_145019.62,0.0
HEALTHCARE_EXPENSES_145028.18,0.0
HEALTHCARE_EXPENSES_14534.66,0.0
HEALTHCARE_EXPENSES_145355.55,0.0
HEALTHCARE_EXPENSES_145457.77,0.0
HEALTHCARE_EXPENSES_145468.22,0.0
HEALTHCARE_EXPENSES_14563.14,0.0
HEALTHCARE_EXPENSES_145771.75,0.0
HEALTHCARE_EXPENSES_14583.22,0.0
HEALTHCARE_EXPENSES_14596.90,0.0
HEALTHCARE_EXPENSES_14604.29,0.0
HEALTHCARE_EXPENSES_14609.45,0.0
HEALTHCARE_EXPENSES_14614.85,0.0
HEALTHCARE_EXPENSES_146335.97,0.0
HEALTHCARE_EXPENSES_14656.53,0.0
HEALTHCARE_EXPENSES_146747.33,0.0
HEALTHCARE_EXPENSES_14692.73,0.0
HEALTHCARE_EXPENSES_14707.00,0.0
HEALTHCARE_EXPENSES_147093.37,0.0
HEALTHCARE_EXPENSES_147291.68,0.0
HEALTHCARE_EXPENSES_147335.65,0.0
HEALTHCARE_EXPENSES_147526.49,0.0
HEALTHCARE_EXPENSES_147578.70,0.0
HEALTHCARE_EXPENSES_14777.51,0.0
HEALTHCARE_EXPENSES_147858.79,0.0
HEALTHCARE_EXPENSES_1479.48,0.0
HEALTHCARE_EXPENSES_147995.63,0.0
HEALTHCARE_EXPENSES_14801.32,0.0
HEALTHCARE_EXPENSES_14802.74,0.0
HEALTHCARE_EXPENSES_148268.08,0.0
HEALTHCARE_EXPENSES_148300.88,0.0
HEALTHCARE_EXPENSES_148408.98,0.0
HEALTHCARE_EXPENSES_14872.64,0.0
HEALTHCARE_EXPENSES_1493121.62,0.0
HEALTHCARE_EXPENSES_149320.89,0.0
HEALTHCARE_EXPENSES_149334.63,0.0
HEALTHCARE_EXPENSES_149352.80,0.0
HEALTHCARE_EXPENSES_1495.86,0.0
HEALTHCARE_EXPENSES_149590.12,0.0
HEALTHCARE_EXPENSES_14965.68,0.0
HEALTHCARE_EXPENSES_14970.22,0.0
HEALTHCARE_EXPENSES_149744.57,0.0
HEALTHCARE_EXPENSES_150057.53,0.0
HEALTHCARE_EXPENSES_150267.26,0.0
HEALTHCARE_EXPENSES_150313.17,0.0
HEALTHCARE_EXPENSES_15035.22,0.0
HEALTHCARE_EXPENSES_150521.05,0.0
HEALTHCARE_EXPENSES_15086.92,0.0
HEALTHCARE_EXPENSES_15100.82,0.0
HEALTHCARE_EXPENSES_151197.07,0.0
HEALTHCARE_EXPENSES_15138.22,0.0
HEALTHCARE_EXPENSES_151493.39,0.0
HEALTHCARE_EXPENSES_151926.60,0.0
HEALTHCARE_EXPENSES_15238.43,0.0
HEALTHCARE_EXPENSES_152389.37,0.0
HEALTHCARE_EXPENSES_152498.95,0.0
HEALTHCARE_EXPENSES_152768.37,0.0
HEALTHCARE_EXPENSES_15285.84,0.0
HEALTHCARE_EXPENSES_15288.12,0.0
HEALTHCARE_EXPENSES_152946.06,0.0
HEALTHCARE_EXPENSES_15329.54,0.0
HEALTHCARE_EXPENSES_153347.41,0.0
HEALTHCARE_EXPENSES_153504.64,0.0
HEALTHCARE_EXPENSES_153844.69,0.0
HEALTHCARE_EXPENSES_153887.43,0.0
HEALTHCARE_EXPENSES_15405.13,0.0
HEALTHCARE_EXPENSES_154069.65,0.0
HEALTHCARE_EXPENSES_154343.04,0.0
HEALTHCARE_EXPENSES_15454.15,0.0
HEALTHCARE_EXPENSES_154662.36,0.0
HEALTHCARE_EXPENSES_154756.68,0.0
HEALTHCARE_EXPENSES_15511.11,0.0
HEALTHCARE_EXPENSES_155579.01,0.0
HEALTHCARE_EXPENSES_15584.11,0.0
HEALTHCARE_EXPENSES_155840.53,0.0
HEALTHCARE_EXPENSES_155854.94,0.0
HEALTHCARE_EXPENSES_155974.73,0.0
HEALTHCARE_EXPENSES_156070.00,0.0
HEALTHCARE_EXPENSES_15626.01,0.0
HEALTHCARE_EXPENSES_156386.27,0.0
HEALTHCARE_EXPENSES_156469.03,0.0
HEALTHCARE_EXPENSES_156603.08,0.0
HEALTHCARE_EXPENSES_1570.86,0.0
HEALTHCARE_EXPENSES_157155.81,0.0
HEALTHCARE_EXPENSES_1572.72,0.0
HEALTHCARE_EXPENSES_15769.62,0.0
HEALTHCARE_EXPENSES_157747.38,0.0
HEALTHCARE_EXPENSES_15793.27,0.0
HEALTHCARE_EXPENSES_158613.65,0.0
HEALTHCARE_EXPENSES_158764.95,0.0
HEALTHCARE_EXPENSES_159549.87,0.0
HEALTHCARE_EXPENSES_159731.33,0.0
HEALTHCARE_EXPENSES_1598.63,0.0
HEALTHCARE_EXPENSES_1599271.09,0.0
HEALTHCARE_EXPENSES_160175.59,0.0
HEALTHCARE_EXPENSES_16040.25,0.0
HEALTHCARE_EXPENSES_16052.97,0.0
HEALTHCARE_EXPENSES_160578.16,0.0
HEALTHCARE_EXPENSES_160602.08,0.0
HEALTHCARE_EXPENSES_161377.76,0.0
HEALTHCARE_EXPENSES_16144.94,0.0
HEALTHCARE_EXPENSES_16147.53,0.0
HEALTHCARE_EXPENSES_1620584.94,0.0
HEALTHCARE_EXPENSES_162165.55,0.0
HEALTHCARE_EXPENSES_162187.70,0.0
HEALTHCARE_EXPENSES_162216.16,0.0
HEALTHCARE_EXPENSES_162288.62,0.0
HEALTHCARE_EXPENSES_162325.14,0.0
HEALTHCARE_EXPENSES_162518.04,0.0
HEALTHCARE_EXPENSES_162627.85,0.0
HEALTHCARE_EXPENSES_16263.39,0.0
HEALTHCARE_EXPENSES_162738.05,0.0
HEALTHCARE_EXPENSES_16296.20,0.0
HEALTHCARE_EXPENSES_162977.47,0.0
HEALTHCARE_EXPENSES_163229.99,0.0
HEALTHCARE_EXPENSES_163493.43,0.0
HEALTHCARE_EXPENSES_16416.73,0.0
HEALTHCARE_EXPENSES_164281.16,0.0
HEALTHCARE_EXPENSES_16454.28,0.0
HEALTHCARE_EXPENSES_164633.17,0.0
HEALTHCARE_EXPENSES_164932.07,0.0
HEALTHCARE_EXPENSES_165076.97,0.0
HEALTHCARE_EXPENSES_16514.90,0.0
HEALTHCARE_EXPENSES_165194.19,0.0
HEALTHCARE_EXPENSES_165482.41,0.0
HEALTHCARE_EXPENSES_165642.39,0.0
HEALTHCARE_EXPENSES_16565.99,0.0
HEALTHCARE_EXPENSES_165696.85,0.0
HEALTHCARE_EXPENSES_165902.85,0.0
HEALTHCARE_EXPENSES_166006.03,0.0
HEALTHCARE_EXPENSES_166027.96,0.0
HEALTHCARE_EXPENSES_16651.10,0.0
HEALTHCARE_EXPENSES_167111.62,0.0
HEALTHCARE_EXPENSES_1672.43,0.0
HEALTHCARE_EXPENSES_167410.52,0.0
HEALTHCARE_EXPENSES_167689.39,0.0
HEALTHCARE_EXPENSES_167844.06,0.0
HEALTHCARE_EXPENSES_168134.85,0.0
HEALTHCARE_EXPENSES_168252.27,0.0
HEALTHCARE_EXPENSES_168423.10,0.0
HEALTHCARE_EXPENSES_16855.41,0.0
HEALTHCARE_EXPENSES_16855.79,0.0
HEALTHCARE_EXPENSES_168911.61,0.0
HEALTHCARE_EXPENSES_168917.38,0.0
HEALTHCARE_EXPENSES_16892.36,0.0
HEALTHCARE_EXPENSES_169034.09,0.0
HEALTHCARE_EXPENSES_169061.31,0.0
HEALTHCARE_EXPENSES_169363.52,0.0
HEALTHCARE_EXPENSES_169369.67,0.0
HEALTHCARE_EXPENSES_16959.68,0.0
HEALTHCARE_EXPENSES_169828.28,0.0
HEALTHCARE_EXPENSES_170092.69,0.0
HEALTHCARE_EXPENSES_170506.46,0.0
HEALTHCARE_EXPENSES_170587.99,0.0
HEALTHCARE_EXPENSES_170682.73,0.0
HEALTHCARE_EXPENSES_170988.81,0.0
HEALTHCARE_EXPENSES_171449.10,0.0
HEALTHCARE_EXPENSES_171873.17,0.0
HEALTHCARE_EXPENSES_171924.77,0.0
HEALTHCARE_EXPENSES_172042.69,0.0
HEALTHCARE_EXPENSES_17213.27,0.0
HEALTHCARE_EXPENSES_172155.90,0.0
HEALTHCARE_EXPENSES_17258.56,0.0
HEALTHCARE_EXPENSES_172754.31,0.0
HEALTHCARE_EXPENSES_17283.76,0.0
HEALTHCARE_EXPENSES_17305.84,0.0
HEALTHCARE_EXPENSES_17335.17,0.0
HEALTHCARE_EXPENSES_17335.55,0.0
HEALTHCARE_EXPENSES_173637.89,0.0
HEALTHCARE_EXPENSES_173735.90,0.0
HEALTHCARE_EXPENSES_17380.00,0.0
HEALTHCARE_EXPENSES_174265.37,0.0
HEALTHCARE_EXPENSES_17461.29,0.0
HEALTHCARE_EXPENSES_174676.16,0.0
HEALTHCARE_EXPENSES_174702.98,0.0
HEALTHCARE_EXPENSES_174878.01,0.0
HEALTHCARE_EXPENSES_17491.63,0.0
HEALTHCARE_EXPENSES_17504.60,0.0
HEALTHCARE_EXPENSES_175184.86,0.0
HEALTHCARE_EXPENSES_17566.98,0.0
HEALTHCARE_EXPENSES_176182.29,0.0
HEALTHCARE_EXPENSES_17640.06,0.0
HEALTHCARE_EXPENSES_176588.74,0.0
HEALTHCARE_EXPENSES_1773784.66,0.0
HEALTHCARE_EXPENSES_177627.87,0.0
HEALTHCARE_EXPENSES_17784.15,0.0
HEALTHCARE_EXPENSES_177877.40,0.0
HEALTHCARE_EXPENSES_177902.65,0.0
HEALTHCARE_EXPENSES_177926.30,0.0
HEALTHCARE_EXPENSES_178045.19,0.0
HEALTHCARE_EXPENSES_178309.63,0.0
HEALTHCARE_EXPENSES_178599.43,0.0
HEALTHCARE_EXPENSES_178697.37,0.0
HEALTHCARE_EXPENSES_178875.82,0.0
HEALTHCARE_EXPENSES_178959.67,0.0
HEALTHCARE_EXPENSES_17903.68,0.0
HEALTHCARE_EXPENSES_17911.63,0.0
HEALTHCARE_EXPENSES_179336.79,0.0
HEALTHCARE_EXPENSES_17956.83,0.0
HEALTHCARE_EXPENSES_17957.83,0.0
HEALTHCARE_EXPENSES_180066.91,0.0
HEALTHCARE_EXPENSES_18070.33,0.0
HEALTHCARE_EXPENSES_180819.26,0.0
HEALTHCARE_EXPENSES_18139.54,0.0
HEALTHCARE_EXPENSES_1814.65,0.0
HEALTHCARE_EXPENSES_18159.82,0.0
HEALTHCARE_EXPENSES_181627.06,0.0
HEALTHCARE_EXPENSES_181700.89,0.0
HEALTHCARE_EXPENSES_182083.48,0.0
HEALTHCARE_EXPENSES_182233.41,0.0
HEALTHCARE_EXPENSES_182465.91,0.0
HEALTHCARE_EXPENSES_182480.16,0.0
HEALTHCARE_EXPENSES_18252.68,0.0
HEALTHCARE_EXPENSES_182575.44,0.0
HEALTHCARE_EXPENSES_18273.96,0.0
HEALTHCARE_EXPENSES_18285.02,0.0
HEALTHCARE_EXPENSES_182852.28,0.0
HEALTHCARE_EXPENSES_183275.24,0.0
HEALTHCARE_EXPENSES_183279.56,0.0
HEALTHCARE_EXPENSES_18346.25,0.0
HEALTHCARE_EXPENSES_18364.59,0.0
HEALTHCARE_EXPENSES_184389.06,0.0
HEALTHCARE_EXPENSES_184426.56,0.0
HEALTHCARE_EXPENSES_184473.51,0.0
HEALTHCARE_EXPENSES_184557.83,0.0
HEALTHCARE_EXPENSES_18457.15,0.0
HEALTHCARE_EXPENSES_184642.64,0.0
HEALTHCARE_EXPENSES_184644.90,0.0
HEALTHCARE_EXPENSES_18469.77,0.0
HEALTHCARE_EXPENSES_184723.90,0.0
HEALTHCARE_EXPENSES_18497.03,0.0
HEALTHCARE_EXPENSES_185149.18,0.0
HEALTHCARE_EXPENSES_18537.40,0.0
HEALTHCARE_EXPENSES_185459.59,0.0
HEALTHCARE_EXPENSES_18561.54,0.0
HEALTHCARE_EXPENSES_185646.31,0.0
HEALTHCARE_EXPENSES_18582.70,0.0
HEALTHCARE_EXPENSES_185862.21,0.0
HEALTHCARE_EXPENSES_186108.29,0.0
HEALTHCARE_EXPENSES_186614.88,0.0
HEALTHCARE_EXPENSES_18694.65,0.0
HEALTHCARE_EXPENSES_187146.30,0.0
HEALTHCARE_EXPENSES_187894.55,0.0
HEALTHCARE_EXPENSES_188317.78,0.0
HEALTHCARE_EXPENSES_18924.13,0.0
HEALTHCARE_EXPENSES_18956.25,0.0
HEALTHCARE_EXPENSES_189705.59,0.0
HEALTHCARE_EXPENSES_189756.37,0.0
HEALTHCARE_EXPENSES_1899.56,0.0
HEALTHCARE_EXPENSES_19031.09,0.0
HEALTHCARE_EXPENSES_190408.33,0.0
HEALTHCARE_EXPENSES_19049.27,0.0
HEALTHCARE_EXPENSES_190804.54,0.0
HEALTHCARE_EXPENSES_19082.66,0.0
HEALTHCARE_EXPENSES_190862.70,0.0
HEALTHCARE_EXPENSES_190956.44,0.0
HEALTHCARE_EXPENSES_19143.83,0.0
HEALTHCARE_EXPENSES_191785.53,0.0
HEALTHCARE_EXPENSES_19180.18,0.0
HEALTHCARE_EXPENSES_19188.64,0.0
HEALTHCARE_EXPENSES_191957.13,0.0
HEALTHCARE_EXPENSES_192000.03,0.0
HEALTHCARE_EXPENSES_19266.56,0.0
HEALTHCARE_EXPENSES_19269.16,0.0
HEALTHCARE_EXPENSES_19299.57,0.0
HEALTHCARE_EXPENSES_19324.15,0.0
HEALTHCARE_EXPENSES_193429.02,0.0
HEALTHCARE_EXPENSES_193676.01,0.0
HEALTHCARE_EXPENSES_19371.76,0.0
HEALTHCARE_EXPENSES_193792.27,0.0
HEALTHCARE_EXPENSES_194133.22,0.0
HEALTHCARE_EXPENSES_19436.26,0.0
HEALTHCARE_EXPENSES_1945.86,0.0
HEALTHCARE_EXPENSES_194553.96,0.0
HEALTHCARE_EXPENSES_194629.27,0.0
HEALTHCARE_EXPENSES_19485.93,0.0
HEALTHCARE_EXPENSES_19508.19,0.0
HEALTHCARE_EXPENSES_195976.54,0.0
HEALTHCARE_EXPENSES_1963.08,0.0
HEALTHCARE_EXPENSES_196850.52,0.0
HEALTHCARE_EXPENSES_196868.82,0.0
HEALTHCARE_EXPENSES_196948.68,0.0
HEALTHCARE_EXPENSES_197521.22,0.0
HEALTHCARE_EXPENSES_197631.37,0.0
HEALTHCARE_EXPENSES_197813.40,0.0
HEALTHCARE_EXPENSES_197847.07,0.0
HEALTHCARE_EXPENSES_198007.38,0.0
HEALTHCARE_EXPENSES_198037.26,0.0
HEALTHCARE_EXPENSES_198398.27,0.0
HEALTHCARE_EXPENSES_198789.32,0.0
HEALTHCARE_EXPENSES_19910.17,0.0
HEALTHCARE_EXPENSES_199225.34,0.0
HEALTHCARE_EXPENSES_199313.67,0.0
HEALTHCARE_EXPENSES_199337.49,0.0
HEALTHCARE_EXPENSES_199492.62,0.0
HEALTHCARE_EXPENSES_199921.04,0.0
HEALTHCARE_EXPENSES_199977.84,0.0
HEALTHCARE_EXPENSES_200086.54,0.0
HEALTHCARE_EXPENSES_200403.24,0.0
HEALTHCARE_EXPENSES_200630.69,0.0
HEALTHCARE_EXPENSES_200999.39,0.0
HEALTHCARE_EXPENSES_201097.75,0.0
HEALTHCARE_EXPENSES_201461.95,0.0
HEALTHCARE_EXPENSES_201508.20,0.0
HEALTHCARE_EXPENSES_2017.55,0.0
HEALTHCARE_EXPENSES_202070.36,0.0
HEALTHCARE_EXPENSES_20246.36,0.0
HEALTHCARE_EXPENSES_202483.23,0.0
HEALTHCARE_EXPENSES_20250.13,0.0
HEALTHCARE_EXPENSES_202945.44,0.0
HEALTHCARE_EXPENSES_203164.75,0.0
HEALTHCARE_EXPENSES_203594.37,0.0
HEALTHCARE_EXPENSES_203935.26,0.0
HEALTHCARE_EXPENSES_203952.15,0.0
HEALTHCARE_EXPENSES_204149.11,0.0
HEALTHCARE_EXPENSES_20449.42,0.0
HEALTHCARE_EXPENSES_2045.86,0.0
HEALTHCARE_EXPENSES_204623.86,0.0
HEALTHCARE_EXPENSES_2051.29,0.0
HEALTHCARE_EXPENSES_20516.43,0.0
HEALTHCARE_EXPENSES_205642.18,0.0
HEALTHCARE_EXPENSES_205789.00,0.0
HEALTHCARE_EXPENSES_205845.41,0.0
HEALTHCARE_EXPENSES_20585.63,0.0
HEALTHCARE_EXPENSES_20614.40,0.0
HEALTHCARE_EXPENSES_206168.86,0.0
HEALTHCARE_EXPENSES_20645.80,0.0
HEALTHCARE_EXPENSES_20661.21,0.0
HEALTHCARE_EXPENSES_206849.53,0.0
HEALTHCARE_EXPENSES_207024.50,0.0
HEALTHCARE_EXPENSES_207417.41,0.0
HEALTHCARE_EXPENSES_207496.63,0.0
HEALTHCARE_EXPENSES_20767.21,0.0
HEALTHCARE_EXPENSES_208464.77,0.0
HEALTHCARE_EXPENSES_20871.01,0.0
HEALTHCARE_EXPENSES_20881.05,0.0
HEALTHCARE_EXPENSES_20884.16,0.0
HEALTHCARE_EXPENSES_209008.32,0.0
HEALTHCARE_EXPENSES_20908.97,0.0
HEALTHCARE_EXPENSES_20987.04,0.0
HEALTHCARE_EXPENSES_21014.13,0.0
HEALTHCARE_EXPENSES_210316.78,0.0
HEALTHCARE_EXPENSES_210479.38,0.0
HEALTHCARE_EXPENSES_210732.61,0.0
HEALTHCARE_EXPENSES_210998.28,0.0
HEALTHCARE_EXPENSES_21130.53,0.0
HEALTHCARE_EXPENSES_211419.87,0.0
HEALTHCARE_EXPENSES_211706.92,0.0
HEALTHCARE_EXPENSES_211836.47,0.0
HEALTHCARE_EXPENSES_212219.48,0.0
HEALTHCARE_EXPENSES_21230.38,0.0
HEALTHCARE_EXPENSES_212322.07,0.0
HEALTHCARE_EXPENSES_212339.58,0.0
HEALTHCARE_EXPENSES_21313.45,0.0
HEALTHCARE_EXPENSES_214388.21,0.0
HEALTHCARE_EXPENSES_21453.03,0.0
HEALTHCARE_EXPENSES_214680.59,0.0
HEALTHCARE_EXPENSES_214836.01,0.0
HEALTHCARE_EXPENSES_214910.52,0.0
HEALTHCARE_EXPENSES_21502.48,0.0
HEALTHCARE_EXPENSES_215354.99,0.0
HEALTHCARE_EXPENSES_21556.69,0.0
HEALTHCARE_EXPENSES_215859.37,0.0
HEALTHCARE_EXPENSES_215974.27,0.0
HEALTHCARE_EXPENSES_21675.18,0.0
HEALTHCARE_EXPENSES_2170.50,0.0
HEALTHCARE_EXPENSES_217409.48,0.0
HEALTHCARE_EXPENSES_217523.17,0.0
HEALTHCARE_EXPENSES_2177.27,0.0
HEALTHCARE_EXPENSES_218043.48,0.0
HEALTHCARE_EXPENSES_21813.92,0.0
HEALTHCARE_EXPENSES_218307.42,0.0
HEALTHCARE_EXPENSES_218335.84,0.0
HEALTHCARE_EXPENSES_21881.98,0.0
HEALTHCARE_EXPENSES_218901.36,0.0
HEALTHCARE_EXPENSES_21949.11,0.0
HEALTHCARE_EXPENSES_219646.94,0.0
HEALTHCARE_EXPENSES_21966.53,0.0
HEALTHCARE_EXPENSES_220360.75,0.0
HEALTHCARE_EXPENSES_221001.05,0.0
HEALTHCARE_EXPENSES_22101.28,0.0
HEALTHCARE_EXPENSES_221165.98,0.0
HEALTHCARE_EXPENSES_221810.57,0.0
HEALTHCARE_EXPENSES_221838.26,0.0
HEALTHCARE_EXPENSES_22266.75,0.0
HEALTHCARE_EXPENSES_222733.61,0.0
HEALTHCARE_EXPENSES_223409.88,0.0
HEALTHCARE_EXPENSES_22367.75,0.0
HEALTHCARE_EXPENSES_22382.00,0.0
HEALTHCARE_EXPENSES_22392.91,0.0
HEALTHCARE_EXPENSES_224196.69,0.0
HEALTHCARE_EXPENSES_224301.32,0.0
HEALTHCARE_EXPENSES_224428.33,0.0
HEALTHCARE_EXPENSES_22457.25,0.0
HEALTHCARE_EXPENSES_22474.88,0.0
HEALTHCARE_EXPENSES_224971.57,0.0
HEALTHCARE_EXPENSES_22513.89,0.0
HEALTHCARE_EXPENSES_225455.80,0.0
HEALTHCARE_EXPENSES_225714.15,0.0
HEALTHCARE_EXPENSES_226184.17,0.0
HEALTHCARE_EXPENSES_22762.48,0.0
HEALTHCARE_EXPENSES_22834.72,0.0
HEALTHCARE_EXPENSES_228445.11,0.0
HEALTHCARE_EXPENSES_228669.76,0.0
HEALTHCARE_EXPENSES_228679.20,0.0
HEALTHCARE_EXPENSES_2295.86,0.0
HEALTHCARE_EXPENSES_22952.40,0.0
HEALTHCARE_EXPENSES_229663.52,0.0
HEALTHCARE_EXPENSES_229753.19,0.0
HEALTHCARE_EXPENSES_229811.63,0.0
HEALTHCARE_EXPENSES_229939.89,0.0
HEALTHCARE_EXPENSES_230118.40,0.0
HEALTHCARE_EXPENSES_23079.16,0.0
HEALTHCARE_EXPENSES_231021.78,0.0
HEALTHCARE_EXPENSES_23116.50,0.0
HEALTHCARE_EXPENSES_23147.35,0.0
HEALTHCARE_EXPENSES_231768.58,0.0
HEALTHCARE_EXPENSES_232273.16,0.0
HEALTHCARE_EXPENSES_232568.75,0.0
HEALTHCARE_EXPENSES_23330.10,0.0
HEALTHCARE_EXPENSES_23385.47,0.0
HEALTHCARE_EXPENSES_2342.18,0.0
HEALTHCARE_EXPENSES_2342.41,0.0
HEALTHCARE_EXPENSES_234735.37,0.0
HEALTHCARE_EXPENSES_234834.06,0.0
HEALTHCARE_EXPENSES_234850.40,0.0
HEALTHCARE_EXPENSES_23544.63,0.0
HEALTHCARE_EXPENSES_235440.45,0.0
HEALTHCARE_EXPENSES_235681.73,0.0
HEALTHCARE_EXPENSES_236235.77,0.0
HEALTHCARE_EXPENSES_236350.44,0.0
HEALTHCARE_EXPENSES_236444.92,0.0
HEALTHCARE_EXPENSES_236724.19,0.0
HEALTHCARE_EXPENSES_23719.69,0.0
HEALTHCARE_EXPENSES_23845.22,0.0
HEALTHCARE_EXPENSES_238554.65,0.0
HEALTHCARE_EXPENSES_238701.63,0.0
HEALTHCARE_EXPENSES_238947.11,0.0
HEALTHCARE_EXPENSES_239478.92,0.0
HEALTHCARE_EXPENSES_239582.42,0.0
HEALTHCARE_EXPENSES_23980.02,0.0
HEALTHCARE_EXPENSES_23981.11,0.0
HEALTHCARE_EXPENSES_240327.27,0.0
HEALTHCARE_EXPENSES_241520.27,0.0
HEALTHCARE_EXPENSES_24197.28,0.0
HEALTHCARE_EXPENSES_242412.90,0.0
HEALTHCARE_EXPENSES_24259.42,0.0
HEALTHCARE_EXPENSES_242782.85,0.0
HEALTHCARE_EXPENSES_24315.23,0.0
HEALTHCARE_EXPENSES_243291.30,0.0
HEALTHCARE_EXPENSES_243987.51,0.0
HEALTHCARE_EXPENSES_244052.41,0.0
HEALTHCARE_EXPENSES_245231.29,0.0
HEALTHCARE_EXPENSES_245611.32,0.0
HEALTHCARE_EXPENSES_24564.33,0.0
HEALTHCARE_EXPENSES_245691.45,0.0
HEALTHCARE_EXPENSES_24581.64,0.0
HEALTHCARE_EXPENSES_245886.35,0.0
HEALTHCARE_EXPENSES_246053.02,0.0
HEALTHCARE_EXPENSES_24619.67,0.0
HEALTHCARE_EXPENSES_2466.44,0.0
HEALTHCARE_EXPENSES_24732.02,0.0
HEALTHCARE_EXPENSES_24769.84,0.0
HEALTHCARE_EXPENSES_247892.12,0.0
HEALTHCARE_EXPENSES_24804.34,0.0
HEALTHCARE_EXPENSES_248167.91,0.0
HEALTHCARE_EXPENSES_249098.41,0.0
HEALTHCARE_EXPENSES_24921.17,0.0
HEALTHCARE_EXPENSES_249986.66,0.0
HEALTHCARE_EXPENSES_250349.07,0.0
HEALTHCARE_EXPENSES_250980.17,0.0
HEALTHCARE_EXPENSES_251259.29,0.0
HEALTHCARE_EXPENSES_251616.92,0.0
HEALTHCARE_EXPENSES_25242.26,0.0
HEALTHCARE_EXPENSES_252859.84,0.0
HEALTHCARE_EXPENSES_252981.94,0.0
HEALTHCARE_EXPENSES_25302.71,0.0
HEALTHCARE_EXPENSES_25316.55,0.0
HEALTHCARE_EXPENSES_253953.40,0.0
HEALTHCARE_EXPENSES_254003.91,0.0
HEALTHCARE_EXPENSES_254321.02,0.0
HEALTHCARE_EXPENSES_25503.27,0.0
HEALTHCARE_EXPENSES_255207.13,0.0
HEALTHCARE_EXPENSES_255922.45,0.0
HEALTHCARE_EXPENSES_25612.55,0.0
HEALTHCARE_EXPENSES_25622.53,0.0
HEALTHCARE_EXPENSES_256278.33,0.0
HEALTHCARE_EXPENSES_256755.24,0.0
HEALTHCARE_EXPENSES_25722.26,0.0
HEALTHCARE_EXPENSES_257347.05,0.0
HEALTHCARE_EXPENSES_25778.87,0.0
HEALTHCARE_EXPENSES_25815.70,0.0
HEALTHCARE_EXPENSES_2582.59,0.0
HEALTHCARE_EXPENSES_258557.59,0.0
HEALTHCARE_EXPENSES_25898.92,0.0
HEALTHCARE_EXPENSES_259227.76,0.0
HEALTHCARE_EXPENSES_259361.93,0.0
HEALTHCARE_EXPENSES_25943.07,0.0
HEALTHCARE_EXPENSES_259518.16,0.0
HEALTHCARE_EXPENSES_26004.95,0.0
HEALTHCARE_EXPENSES_260342.34,0.0
HEALTHCARE_EXPENSES_260539.10,0.0
HEALTHCARE_EXPENSES_26056.84,0.0
HEALTHCARE_EXPENSES_260833.15,0.0
HEALTHCARE_EXPENSES_26099.85,0.0
HEALTHCARE_EXPENSES_26140.54,0.0
HEALTHCARE_EXPENSES_261533.65,0.0
HEALTHCARE_EXPENSES_26200.37,0.0
HEALTHCARE_EXPENSES_26237.28,0.0
HEALTHCARE_EXPENSES_26287.18,0.0
HEALTHCARE_EXPENSES_26460.02,0.0
HEALTHCARE_EXPENSES_264803.87,0.0
HEALTHCARE_EXPENSES_2649.42,0.0
HEALTHCARE_EXPENSES_265018.61,0.0
HEALTHCARE_EXPENSES_265162.18,0.0
HEALTHCARE_EXPENSES_265170.77,0.0
HEALTHCARE_EXPENSES_265260.59,0.0
HEALTHCARE_EXPENSES_26538.79,0.0
HEALTHCARE_EXPENSES_2657.55,0.0
HEALTHCARE_EXPENSES_266336.57,0.0
HEALTHCARE_EXPENSES_26737.72,0.0
HEALTHCARE_EXPENSES_26762.30,0.0
HEALTHCARE_EXPENSES_26861.79,0.0
HEALTHCARE_EXPENSES_268637.00,0.0
HEALTHCARE_EXPENSES_26881.96,0.0
HEALTHCARE_EXPENSES_269092.60,0.0
HEALTHCARE_EXPENSES_269544.94,0.0
HEALTHCARE_EXPENSES_270190.29,0.0
HEALTHCARE_EXPENSES_270275.22,0.0
HEALTHCARE_EXPENSES_270284.74,0.0
HEALTHCARE_EXPENSES_270579.08,0.0
HEALTHCARE_EXPENSES_27077.97,0.0
HEALTHCARE_EXPENSES_271855.12,0.0
HEALTHCARE_EXPENSES_271880.08,0.0
HEALTHCARE_EXPENSES_27245.92,0.0
HEALTHCARE_EXPENSES_272455.56,0.0
HEALTHCARE_EXPENSES_272752.40,0.0
HEALTHCARE_EXPENSES_272968.73,0.0
HEALTHCARE_EXPENSES_27344.25,0.0
HEALTHCARE_EXPENSES_274625.33,0.0
HEALTHCARE_EXPENSES_275383.58,0.0
HEALTHCARE_EXPENSES_2758.25,0.0
HEALTHCARE_EXPENSES_27586.28,0.0
HEALTHCARE_EXPENSES_27610.14,0.0
HEALTHCARE_EXPENSES_27617.35,0.0
HEALTHCARE_EXPENSES_276280.15,0.0
HEALTHCARE_EXPENSES_27685.37,0.0
HEALTHCARE_EXPENSES_277036.54,0.0
HEALTHCARE_EXPENSES_27767.89,0.0
HEALTHCARE_EXPENSES_278437.20,0.0
HEALTHCARE_EXPENSES_278558.63,0.0
HEALTHCARE_EXPENSES_278884.34,0.0
HEALTHCARE_EXPENSES_279007.09,0.0
HEALTHCARE_EXPENSES_2797.57,0.0
HEALTHCARE_EXPENSES_27982.75,0.0
HEALTHCARE_EXPENSES_279876.23,0.0
HEALTHCARE_EXPENSES_279877.54,0.0
HEALTHCARE_EXPENSES_28020.98,0.0
HEALTHCARE_EXPENSES_281841.91,0.0
HEALTHCARE_EXPENSES_2819.41,0.0
HEALTHCARE_EXPENSES_28216.16,0.0
HEALTHCARE_EXPENSES_282485.09,0.0
HEALTHCARE_EXPENSES_2825.34,0.0
HEALTHCARE_EXPENSES_282556.35,0.0
HEALTHCARE_EXPENSES_283123.69,0.0
HEALTHCARE_EXPENSES_28314.20,0.0
HEALTHCARE_EXPENSES_283173.31,0.0
HEALTHCARE_EXPENSES_284018.59,0.0
HEALTHCARE_EXPENSES_28453.51,0.0
HEALTHCARE_EXPENSES_28470.40,0.0
HEALTHCARE_EXPENSES_284845.69,0.0
HEALTHCARE_EXPENSES_28498.74,0.0
HEALTHCARE_EXPENSES_285009.91,0.0
HEALTHCARE_EXPENSES_28554.93,0.0
HEALTHCARE_EXPENSES_285920.55,0.0
HEALTHCARE_EXPENSES_286545.78,0.0
HEALTHCARE_EXPENSES_286898.65,0.0
HEALTHCARE_EXPENSES_287592.78,0.0
HEALTHCARE_EXPENSES_2877.82,0.0
HEALTHCARE_EXPENSES_287926.81,0.0
HEALTHCARE_EXPENSES_289290.37,0.0
HEALTHCARE_EXPENSES_28936.04,0.0
HEALTHCARE_EXPENSES_28958.89,0.0
HEALTHCARE_EXPENSES_28977.42,0.0
HEALTHCARE_EXPENSES_29043.52,0.0
HEALTHCARE_EXPENSES_291507.11,0.0
HEALTHCARE_EXPENSES_291593.59,0.0
HEALTHCARE_EXPENSES_2916.96,0.0
HEALTHCARE_EXPENSES_29262.91,0.0
HEALTHCARE_EXPENSES_293745.52,0.0
HEALTHCARE_EXPENSES_293779.35,0.0
HEALTHCARE_EXPENSES_294419.82,0.0
HEALTHCARE_EXPENSES_295015.88,0.0
HEALTHCARE_EXPENSES_297203.78,0.0
HEALTHCARE_EXPENSES_2979.01,0.0
HEALTHCARE_EXPENSES_29889.21,0.0
HEALTHCARE_EXPENSES_299077.89,0.0
HEALTHCARE_EXPENSES_299287.51,0.0
HEALTHCARE_EXPENSES_2995.86,0.0
HEALTHCARE_EXPENSES_299702.70,0.0
HEALTHCARE_EXPENSES_300266.22,0.0
HEALTHCARE_EXPENSES_300269.68,0.0
HEALTHCARE_EXPENSES_3021.05,0.0
HEALTHCARE_EXPENSES_302320.15,0.0
HEALTHCARE_EXPENSES_302583.86,0.0
HEALTHCARE_EXPENSES_30259.76,0.0
HEALTHCARE_EXPENSES_302700.41,0.0
HEALTHCARE_EXPENSES_303155.66,0.0
HEALTHCARE_EXPENSES_303560.28,0.0
HEALTHCARE_EXPENSES_3050.00,0.0
HEALTHCARE_EXPENSES_305218.04,0.0
HEALTHCARE_EXPENSES_3055.49,0.0
HEALTHCARE_EXPENSES_308007.90,0.0
HEALTHCARE_EXPENSES_30809.09,0.0
HEALTHCARE_EXPENSES_308673.35,0.0
HEALTHCARE_EXPENSES_308762.55,0.0
HEALTHCARE_EXPENSES_308845.87,0.0
HEALTHCARE_EXPENSES_309125.78,0.0
HEALTHCARE_EXPENSES_310052.65,0.0
HEALTHCARE_EXPENSES_310301.49,0.0
HEALTHCARE_EXPENSES_311211.38,0.0
HEALTHCARE_EXPENSES_311778.33,0.0
HEALTHCARE_EXPENSES_311976.18,0.0
HEALTHCARE_EXPENSES_312330.90,0.0
HEALTHCARE_EXPENSES_312696.07,0.0
HEALTHCARE_EXPENSES_31483.70,0.0
HEALTHCARE_EXPENSES_31548.07,0.0
HEALTHCARE_EXPENSES_315642.90,0.0
HEALTHCARE_EXPENSES_316051.55,0.0
HEALTHCARE_EXPENSES_31696.17,0.0
HEALTHCARE_EXPENSES_31786.99,0.0
HEALTHCARE_EXPENSES_31909.16,0.0
HEALTHCARE_EXPENSES_31911.53,0.0
HEALTHCARE_EXPENSES_31920.13,0.0
HEALTHCARE_EXPENSES_31924.89,0.0
HEALTHCARE_EXPENSES_3195.86,0.0
HEALTHCARE_EXPENSES_320882.43,0.0
HEALTHCARE_EXPENSES_320983.98,0.0
HEALTHCARE_EXPENSES_32342.23,0.0
HEALTHCARE_EXPENSES_324143.96,0.0
HEALTHCARE_EXPENSES_324154.25,0.0
HEALTHCARE_EXPENSES_325126.81,0.0
HEALTHCARE_EXPENSES_326343.56,0.0
HEALTHCARE_EXPENSES_326403.19,0.0
HEALTHCARE_EXPENSES_327554.20,0.0
HEALTHCARE_EXPENSES_328104.82,0.0
HEALTHCARE_EXPENSES_328109.31,0.0
HEALTHCARE_EXPENSES_328475.19,0.0
HEALTHCARE_EXPENSES_328605.73,0.0
HEALTHCARE_EXPENSES_329320.14,0.0
HEALTHCARE_EXPENSES_3295.86,0.0
HEALTHCARE_EXPENSES_329845.10,0.0
HEALTHCARE_EXPENSES_330112.79,0.0
HEALTHCARE_EXPENSES_330129.73,0.0
HEALTHCARE_EXPENSES_330184.65,0.0
HEALTHCARE_EXPENSES_330238.77,0.0
HEALTHCARE_EXPENSES_3311.29,0.0
HEALTHCARE_EXPENSES_33122.53,0.0
HEALTHCARE_EXPENSES_3321.19,0.0
HEALTHCARE_EXPENSES_33218.74,0.0
HEALTHCARE_EXPENSES_33304.37,0.0
HEALTHCARE_EXPENSES_333333.70,0.0
HEALTHCARE_EXPENSES_3335.00,0.0
HEALTHCARE_EXPENSES_333704.02,0.0
HEALTHCARE_EXPENSES_334450.62,0.0
HEALTHCARE_EXPENSES_334676.14,0.0
HEALTHCARE_EXPENSES_33517.67,0.0
HEALTHCARE_EXPENSES_33536.57,0.0
HEALTHCARE_EXPENSES_339209.63,0.0
HEALTHCARE_EXPENSES_3400.00,0.0
HEALTHCARE_EXPENSES_340494.51,0.0
HEALTHCARE_EXPENSES_34068.46,0.0
HEALTHCARE_EXPENSES_340792.73,0.0
HEALTHCARE_EXPENSES_342116.58,0.0
HEALTHCARE_EXPENSES_342257.21,0.0
HEALTHCARE_EXPENSES_34252.15,0.0
HEALTHCARE_EXPENSES_342908.47,0.0
HEALTHCARE_EXPENSES_343032.77,0.0
HEALTHCARE_EXPENSES_34320.20,0.0
HEALTHCARE_EXPENSES_343288.09,0.0
HEALTHCARE_EXPENSES_343337.26,0.0
HEALTHCARE_EXPENSES_343544.77,0.0
HEALTHCARE_EXPENSES_34410.07,0.0
HEALTHCARE_EXPENSES_344808.90,0.0
HEALTHCARE_EXPENSES_34501.88,0.0
HEALTHCARE_EXPENSES_345413.43,0.0
HEALTHCARE_EXPENSES_34570.34,0.0
HEALTHCARE_EXPENSES_346532.91,0.0
HEALTHCARE_EXPENSES_34867.80,0.0
HEALTHCARE_EXPENSES_34886.55,0.0
HEALTHCARE_EXPENSES_349298.80,0.0
HEALTHCARE_EXPENSES_3497.88,0.0
HEALTHCARE_EXPENSES_3498.99,0.0
HEALTHCARE_EXPENSES_35010.85,0.0
HEALTHCARE_EXPENSES_350109.78,0.0
HEALTHCARE_EXPENSES_35027.07,0.0
HEALTHCARE_EXPENSES_350474.93,0.0
HEALTHCARE_EXPENSES_35098.09,0.0
HEALTHCARE_EXPENSES_352606.13,0.0
HEALTHCARE_EXPENSES_35315.37,0.0
HEALTHCARE_EXPENSES_353573.35,0.0
HEALTHCARE_EXPENSES_353782.55,0.0
HEALTHCARE_EXPENSES_354159.22,0.0
HEALTHCARE_EXPENSES_35721.42,0.0
HEALTHCARE_EXPENSES_358441.77,0.0
HEALTHCARE_EXPENSES_35903.25,0.0
HEALTHCARE_EXPENSES_3601.42,0.0
HEALTHCARE_EXPENSES_36085.99,0.0
HEALTHCARE_EXPENSES_362153.22,0.0
HEALTHCARE_EXPENSES_363191.29,0.0
HEALTHCARE_EXPENSES_36422.73,0.0
HEALTHCARE_EXPENSES_365014.28,0.0
HEALTHCARE_EXPENSES_365368.08,0.0
HEALTHCARE_EXPENSES_36677.40,0.0
HEALTHCARE_EXPENSES_368497.77,0.0
HEALTHCARE_EXPENSES_36873.41,0.0
HEALTHCARE_EXPENSES_3696.87,0.0
HEALTHCARE_EXPENSES_37016.08,0.0
HEALTHCARE_EXPENSES_370274.10,0.0
HEALTHCARE_EXPENSES_371779.49,0.0
HEALTHCARE_EXPENSES_372757.31,0.0
HEALTHCARE_EXPENSES_373867.51,0.0
HEALTHCARE_EXPENSES_37409.17,0.0
HEALTHCARE_EXPENSES_374209.00,0.0
HEALTHCARE_EXPENSES_37472.80,0.0
HEALTHCARE_EXPENSES_374744.72,0.0
HEALTHCARE_EXPENSES_375063.27,0.0
HEALTHCARE_EXPENSES_375162.84,0.0
HEALTHCARE_EXPENSES_37574.50,0.0
HEALTHCARE_EXPENSES_375884.42,0.0
HEALTHCARE_EXPENSES_37618.84,0.0
HEALTHCARE_EXPENSES_377841.11,0.0
HEALTHCARE_EXPENSES_378430.17,0.0
HEALTHCARE_EXPENSES_3789.55,0.0
HEALTHCARE_EXPENSES_37981.41,0.0
HEALTHCARE_EXPENSES_380475.38,0.0
HEALTHCARE_EXPENSES_381678.40,0.0
HEALTHCARE_EXPENSES_384116.24,0.0
HEALTHCARE_EXPENSES_38448.49,0.0
HEALTHCARE_EXPENSES_38620.68,0.0
HEALTHCARE_EXPENSES_386283.87,0.0
HEALTHCARE_EXPENSES_38691.23,0.0
HEALTHCARE_EXPENSES_3874.76,0.0
HEALTHCARE_EXPENSES_38749.23,0.0
HEALTHCARE_EXPENSES_387611.97,0.0
HEALTHCARE_EXPENSES_388406.44,0.0
HEALTHCARE_EXPENSES_390339.02,0.0
HEALTHCARE_EXPENSES_391043.62,0.0
HEALTHCARE_EXPENSES_395344.68,0.0
HEALTHCARE_EXPENSES_395857.01,0.0
HEALTHCARE_EXPENSES_396085.69,0.0
HEALTHCARE_EXPENSES_397081.80,0.0
HEALTHCARE_EXPENSES_39744.33,0.0
HEALTHCARE_EXPENSES_4010.19,0.0
HEALTHCARE_EXPENSES_40127.01,0.0
HEALTHCARE_EXPENSES_403056.02,0.0
HEALTHCARE_EXPENSES_403098.81,0.0
HEALTHCARE_EXPENSES_40429.63,0.0
HEALTHCARE_EXPENSES_4045.00,0.0
HEALTHCARE_EXPENSES_405638.25,0.0
HEALTHCARE_EXPENSES_4060.00,0.0
HEALTHCARE_EXPENSES_4070.70,0.0
HEALTHCARE_EXPENSES_40713.91,0.0
HEALTHCARE_EXPENSES_4074.64,0.0
HEALTHCARE_EXPENSES_407693.69,0.0
HEALTHCARE_EXPENSES_40865.85,0.0
HEALTHCARE_EXPENSES_40867.29,0.0
HEALTHCARE_EXPENSES_40954.49,0.0
HEALTHCARE_EXPENSES_41052.72,0.0
HEALTHCARE_EXPENSES_410788.59,0.0
HEALTHCARE_EXPENSES_4111.41,0.0
HEALTHCARE_EXPENSES_412535.00,0.0
HEALTHCARE_EXPENSES_413658.55,0.0
HEALTHCARE_EXPENSES_41392.23,0.0
HEALTHCARE_EXPENSES_414480.06,0.0
HEALTHCARE_EXPENSES_41558.61,0.0
HEALTHCARE_EXPENSES_4159.69,0.0
HEALTHCARE_EXPENSES_41798.85,0.0
HEALTHCARE_EXPENSES_418661.68,0.0
HEALTHCARE_EXPENSES_4196.59,0.0
HEALTHCARE_EXPENSES_41969.34,0.0
HEALTHCARE_EXPENSES_42035.16,0.0
HEALTHCARE_EXPENSES_42056.64,0.0
HEALTHCARE_EXPENSES_420724.55,0.0
HEALTHCARE_EXPENSES_42211.76,0.0
HEALTHCARE_EXPENSES_422564.62,0.0
HEALTHCARE_EXPENSES_423201.77,0.0
HEALTHCARE_EXPENSES_42399.53,0.0
HEALTHCARE_EXPENSES_427788.51,0.0
HEALTHCARE_EXPENSES_428389.14,0.0
HEALTHCARE_EXPENSES_429048.52,0.0
HEALTHCARE_EXPENSES_42965.05,0.0
HEALTHCARE_EXPENSES_430237.50,0.0
HEALTHCARE_EXPENSES_430343.41,0.0
HEALTHCARE_EXPENSES_430990.23,0.0
HEALTHCARE_EXPENSES_431032.57,0.0
HEALTHCARE_EXPENSES_431887.61,0.0
HEALTHCARE_EXPENSES_43194.21,0.0
HEALTHCARE_EXPENSES_43334.29,0.0
HEALTHCARE_EXPENSES_433456.85,0.0
HEALTHCARE_EXPENSES_433652.44,0.0
HEALTHCARE_EXPENSES_43489.38,0.0
HEALTHCARE_EXPENSES_43504.36,0.0
HEALTHCARE_EXPENSES_435263.52,0.0
HEALTHCARE_EXPENSES_435372.27,0.0
HEALTHCARE_EXPENSES_435420.23,0.0
HEALTHCARE_EXPENSES_43621.53,0.0
HEALTHCARE_EXPENSES_436759.86,0.0
HEALTHCARE_EXPENSES_4382.22,0.0
HEALTHCARE_EXPENSES_44000.94,0.0
HEALTHCARE_EXPENSES_44188.63,0.0
HEALTHCARE_EXPENSES_442261.02,0.0
HEALTHCARE_EXPENSES_44346.94,0.0
HEALTHCARE_EXPENSES_44368.00,0.0
HEALTHCARE_EXPENSES_444616.64,0.0
HEALTHCARE_EXPENSES_44805.67,0.0
HEALTHCARE_EXPENSES_449025.63,0.0
HEALTHCARE_EXPENSES_4491.85,0.0
HEALTHCARE_EXPENSES_449403.65,0.0
HEALTHCARE_EXPENSES_449781.71,0.0
HEALTHCARE_EXPENSES_4517.05,0.0
HEALTHCARE_EXPENSES_45170.74,0.0
HEALTHCARE_EXPENSES_45178.40,0.0
HEALTHCARE_EXPENSES_45267.34,0.0
HEALTHCARE_EXPENSES_45475.51,0.0
HEALTHCARE_EXPENSES_455707.92,0.0
HEALTHCARE_EXPENSES_4582.25,0.0
HEALTHCARE_EXPENSES_45938.43,0.0
HEALTHCARE_EXPENSES_46038.77,0.0
HEALTHCARE_EXPENSES_461085.72,0.0
HEALTHCARE_EXPENSES_462196.80,0.0
HEALTHCARE_EXPENSES_46260.49,0.0
HEALTHCARE_EXPENSES_464009.56,0.0
HEALTHCARE_EXPENSES_464896.30,0.0
HEALTHCARE_EXPENSES_46533.20,0.0
HEALTHCARE_EXPENSES_465623.69,0.0
HEALTHCARE_EXPENSES_46690.23,0.0
HEALTHCARE_EXPENSES_467440.53,0.0
HEALTHCARE_EXPENSES_46748.63,0.0
HEALTHCARE_EXPENSES_468224.35,0.0
HEALTHCARE_EXPENSES_4702.44,0.0
HEALTHCARE_EXPENSES_47114.75,0.0
HEALTHCARE_EXPENSES_47117.53,0.0
HEALTHCARE_EXPENSES_472043.05,0.0
HEALTHCARE_EXPENSES_47215.24,0.0
HEALTHCARE_EXPENSES_47290.30,0.0
HEALTHCARE_EXPENSES_47372.45,0.0
HEALTHCARE_EXPENSES_475456.35,0.0
HEALTHCARE_EXPENSES_47608.44,0.0
HEALTHCARE_EXPENSES_47638.97,0.0
HEALTHCARE_EXPENSES_47876.19,0.0
HEALTHCARE_EXPENSES_479121.91,0.0
HEALTHCARE_EXPENSES_479905.32,0.0
HEALTHCARE_EXPENSES_48153.32,0.0
HEALTHCARE_EXPENSES_48155.94,0.0
HEALTHCARE_EXPENSES_481956.38,0.0
HEALTHCARE_EXPENSES_482296.01,0.0
HEALTHCARE_EXPENSES_482364.03,0.0
HEALTHCARE_EXPENSES_48260.77,0.0
HEALTHCARE_EXPENSES_484135.94,0.0
HEALTHCARE_EXPENSES_485870.69,0.0
HEALTHCARE_EXPENSES_48619.71,0.0
HEALTHCARE_EXPENSES_4862.82,0.0
HEALTHCARE_EXPENSES_487225.40,0.0
HEALTHCARE_EXPENSES_48806.06,0.0
HEALTHCARE_EXPENSES_488333.87,0.0
HEALTHCARE_EXPENSES_492888.85,0.0
HEALTHCARE_EXPENSES_4930.54,0.0
HEALTHCARE_EXPENSES_49362.07,0.0
HEALTHCARE_EXPENSES_49441.19,0.0
HEALTHCARE_EXPENSES_497786.18,0.0
HEALTHCARE_EXPENSES_49789.75,0.0
HEALTHCARE_EXPENSES_49835.93,0.0
HEALTHCARE_EXPENSES_500.00,0.0
HEALTHCARE_EXPENSES_50007.79,0.0
HEALTHCARE_EXPENSES_50016.03,0.0
HEALTHCARE_EXPENSES_50049.44,0.0
HEALTHCARE_EXPENSES_500734.26,0.0
HEALTHCARE_EXPENSES_50186.28,0.0
HEALTHCARE_EXPENSES_50229.01,0.0
HEALTHCARE_EXPENSES_504220.36,0.0
HEALTHCARE_EXPENSES_50520.43,0.0
HEALTHCARE_EXPENSES_5056.00,0.0
HEALTHCARE_EXPENSES_50670.29,0.0
HEALTHCARE_EXPENSES_509890.83,0.0
HEALTHCARE_EXPENSES_51060.57,0.0
HEALTHCARE_EXPENSES_51106.02,0.0
HEALTHCARE_EXPENSES_511269.53,0.0
HEALTHCARE_EXPENSES_511786.39,0.0
HEALTHCARE_EXPENSES_51179.80,0.0
HEALTHCARE_EXPENSES_51199.22,0.0
HEALTHCARE_EXPENSES_5127.27,0.0
HEALTHCARE_EXPENSES_513293.37,0.0
HEALTHCARE_EXPENSES_51392.30,0.0
HEALTHCARE_EXPENSES_514405.57,0.0
HEALTHCARE_EXPENSES_51448.78,0.0
HEALTHCARE_EXPENSES_51479.71,0.0
HEALTHCARE_EXPENSES_514912.69,0.0
HEALTHCARE_EXPENSES_51617.28,0.0
HEALTHCARE_EXPENSES_5164.58,0.0
HEALTHCARE_EXPENSES_516824.19,0.0
HEALTHCARE_EXPENSES_51866.70,0.0
HEALTHCARE_EXPENSES_51922.51,0.0
HEALTHCARE_EXPENSES_519750.71,0.0
HEALTHCARE_EXPENSES_52002.48,0.0
HEALTHCARE_EXPENSES_520050.88,0.0
HEALTHCARE_EXPENSES_5201.42,0.0
HEALTHCARE_EXPENSES_521228.48,0.0
HEALTHCARE_EXPENSES_52187.45,0.0
HEALTHCARE_EXPENSES_523622.51,0.0
HEALTHCARE_EXPENSES_52637.33,0.0
HEALTHCARE_EXPENSES_52757.43,0.0
HEALTHCARE_EXPENSES_528762.60,0.0
HEALTHCARE_EXPENSES_53019.62,0.0
HEALTHCARE_EXPENSES_5306.72,0.0
HEALTHCARE_EXPENSES_531978.09,0.0
HEALTHCARE_EXPENSES_53206.50,0.0
HEALTHCARE_EXPENSES_533288.20,0.0
HEALTHCARE_EXPENSES_53430.81,0.0
HEALTHCARE_EXPENSES_534946.55,0.0
HEALTHCARE_EXPENSES_53834.94,0.0
HEALTHCARE_EXPENSES_5395.86,0.0
HEALTHCARE_EXPENSES_53977.58,0.0
HEALTHCARE_EXPENSES_5399.64,0.0
HEALTHCARE_EXPENSES_541200.82,0.0
HEALTHCARE_EXPENSES_541716.50,0.0
HEALTHCARE_EXPENSES_54386.92,0.0
HEALTHCARE_EXPENSES_5441.92,0.0
HEALTHCARE_EXPENSES_5448.18,0.0
HEALTHCARE_EXPENSES_54644.44,0.0
HEALTHCARE_EXPENSES_54661.04,0.0
HEALTHCARE_EXPENSES_547388.04,0.0
HEALTHCARE_EXPENSES_5484.99,0.0
HEALTHCARE_EXPENSES_5495.86,0.0
HEALTHCARE_EXPENSES_549872.87,0.0
HEALTHCARE_EXPENSES_55251.29,0.0
HEALTHCARE_EXPENSES_5534.98,0.0
HEALTHCARE_EXPENSES_553882.53,0.0
HEALTHCARE_EXPENSES_55523.74,0.0
HEALTHCARE_EXPENSES_55531.11,0.0
HEALTHCARE_EXPENSES_5569.48,0.0
HEALTHCARE_EXPENSES_557240.87,0.0
HEALTHCARE_EXPENSES_55755.89,0.0
HEALTHCARE_EXPENSES_55768.85,0.0
HEALTHCARE_EXPENSES_557956.53,0.0
HEALTHCARE_EXPENSES_55797.86,0.0
HEALTHCARE_EXPENSES_55962.26,0.0
HEALTHCARE_EXPENSES_560593.38,0.0
HEALTHCARE_EXPENSES_562500.71,0.0
HEALTHCARE_EXPENSES_56322.56,0.0
HEALTHCARE_EXPENSES_56585.88,0.0
HEALTHCARE_EXPENSES_56591.50,0.0
HEALTHCARE_EXPENSES_56688.62,0.0
HEALTHCARE_EXPENSES_56916.25,0.0
HEALTHCARE_EXPENSES_5697.47,0.0
HEALTHCARE_EXPENSES_57030.93,0.0
HEALTHCARE_EXPENSES_57034.87,0.0
HEALTHCARE_EXPENSES_570423.84,0.0
HEALTHCARE_EXPENSES_570584.68,0.0
HEALTHCARE_EXPENSES_57413.68,0.0
HEALTHCARE_EXPENSES_57474.12,0.0
HEALTHCARE_EXPENSES_57482.66,0.0
HEALTHCARE_EXPENSES_57570.91,0.0
HEALTHCARE_EXPENSES_57607.57,0.0
HEALTHCARE_EXPENSES_576328.52,0.0
HEALTHCARE_EXPENSES_576334.49,0.0
HEALTHCARE_EXPENSES_57646.67,0.0
HEALTHCARE_EXPENSES_57700.36,0.0
HEALTHCARE_EXPENSES_577341.12,0.0
HEALTHCARE_EXPENSES_5774.98,0.0
HEALTHCARE_EXPENSES_57776.61,0.0
HEALTHCARE_EXPENSES_578705.83,0.0
HEALTHCARE_EXPENSES_5834.12,0.0
HEALTHCARE_EXPENSES_584982.77,0.0
HEALTHCARE_EXPENSES_585296.63,0.0
HEALTHCARE_EXPENSES_58587.75,0.0
HEALTHCARE_EXPENSES_58634.75,0.0
HEALTHCARE_EXPENSES_5874.65,0.0
HEALTHCARE_EXPENSES_58993.57,0.0
HEALTHCARE_EXPENSES_59025.22,0.0
HEALTHCARE_EXPENSES_59048.18,0.0
HEALTHCARE_EXPENSES_594531.11,0.0
HEALTHCARE_EXPENSES_59475.53,0.0
HEALTHCARE_EXPENSES_595203.47,0.0
HEALTHCARE_EXPENSES_5954.19,0.0
HEALTHCARE_EXPENSES_59579.04,0.0
HEALTHCARE_EXPENSES_59784.23,0.0
HEALTHCARE_EXPENSES_59998.82,0.0
HEALTHCARE_EXPENSES_60029.79,0.0
HEALTHCARE_EXPENSES_60067.99,0.0
HEALTHCARE_EXPENSES_60134.47,0.0
HEALTHCARE_EXPENSES_60284.82,0.0
HEALTHCARE_EXPENSES_603836.90,0.0
HEALTHCARE_EXPENSES_60544.77,0.0
HEALTHCARE_EXPENSES_607413.48,0.0
HEALTHCARE_EXPENSES_607544.73,0.0
HEALTHCARE_EXPENSES_6079.33,0.0
HEALTHCARE_EXPENSES_60883.15,0.0
HEALTHCARE_EXPENSES_60930.06,0.0
HEALTHCARE_EXPENSES_60969.81,0.0
HEALTHCARE_EXPENSES_60979.20,0.0
HEALTHCARE_EXPENSES_61007.83,0.0
HEALTHCARE_EXPENSES_61059.80,0.0
HEALTHCARE_EXPENSES_61064.31,0.0
HEALTHCARE_EXPENSES_61097.16,0.0
HEALTHCARE_EXPENSES_61140.57,0.0
HEALTHCARE_EXPENSES_611518.48,0.0
HEALTHCARE_EXPENSES_611590.59,0.0
HEALTHCARE_EXPENSES_6116.34,0.0
HEALTHCARE_EXPENSES_612032.60,0.0
HEALTHCARE_EXPENSES_612261.67,0.0
HEALTHCARE_EXPENSES_614249.83,0.0
HEALTHCARE_EXPENSES_61512.37,0.0
HEALTHCARE_EXPENSES_61649.34,0.0
HEALTHCARE_EXPENSES_6193.78,0.0
HEALTHCARE_EXPENSES_62148.23,0.0
HEALTHCARE_EXPENSES_6232.40,0.0
HEALTHCARE_EXPENSES_62394.23,0.0
HEALTHCARE_EXPENSES_62474.20,0.0
HEALTHCARE_EXPENSES_625014.89,0.0
HEALTHCARE_EXPENSES_6251.72,0.0
HEALTHCARE_EXPENSES_62538.09,0.0
HEALTHCARE_EXPENSES_626716.56,0.0
HEALTHCARE_EXPENSES_62687.29,0.0
HEALTHCARE_EXPENSES_627018.24,0.0
HEALTHCARE_EXPENSES_62824.24,0.0
HEALTHCARE_EXPENSES_629509.66,0.0
HEALTHCARE_EXPENSES_62963.29,0.0
HEALTHCARE_EXPENSES_629697.88,0.0
HEALTHCARE_EXPENSES_6306.18,0.0
HEALTHCARE_EXPENSES_63204.13,0.0
HEALTHCARE_EXPENSES_63210.36,0.0
HEALTHCARE_EXPENSES_6331.41,0.0
HEALTHCARE_EXPENSES_63346.39,0.0
HEALTHCARE_EXPENSES_63370.55,0.0
HEALTHCARE_EXPENSES_634287.48,0.0
HEALTHCARE_EXPENSES_634550.79,0.0
HEALTHCARE_EXPENSES_634912.65,0.0
HEALTHCARE_EXPENSES_6352.27,0.0
HEALTHCARE_EXPENSES_63583.69,0.0
HEALTHCARE_EXPENSES_6378.77,0.0
HEALTHCARE_EXPENSES_6391.80,0.0
HEALTHCARE_EXPENSES_639546.79,0.0
HEALTHCARE_EXPENSES_64137.55,0.0
HEALTHCARE_EXPENSES_642587.60,0.0
HEALTHCARE_EXPENSES_64276.27,0.0
HEALTHCARE_EXPENSES_6434.20,0.0
HEALTHCARE_EXPENSES_645141.13,0.0
HEALTHCARE_EXPENSES_64582.00,0.0
HEALTHCARE_EXPENSES_64790.38,0.0
HEALTHCARE_EXPENSES_64914.01,0.0
HEALTHCARE_EXPENSES_64933.87,0.0
HEALTHCARE_EXPENSES_649595.25,0.0
HEALTHCARE_EXPENSES_649811.48,0.0
HEALTHCARE_EXPENSES_65030.16,0.0
HEALTHCARE_EXPENSES_6508.68,0.0
HEALTHCARE_EXPENSES_65173.59,0.0
HEALTHCARE_EXPENSES_65198.37,0.0
HEALTHCARE_EXPENSES_65221.83,0.0
HEALTHCARE_EXPENSES_6523.63,0.0
HEALTHCARE_EXPENSES_653111.00,0.0
HEALTHCARE_EXPENSES_65447.98,0.0
HEALTHCARE_EXPENSES_65457.06,0.0
HEALTHCARE_EXPENSES_656275.36,0.0
HEALTHCARE_EXPENSES_65769.09,0.0
HEALTHCARE_EXPENSES_65794.65,0.0
HEALTHCARE_EXPENSES_65834.26,0.0
HEALTHCARE_EXPENSES_65888.90,0.0
HEALTHCARE_EXPENSES_660201.73,0.0
HEALTHCARE_EXPENSES_661583.66,0.0
HEALTHCARE_EXPENSES_66288.92,0.0
HEALTHCARE_EXPENSES_66391.09,0.0
HEALTHCARE_EXPENSES_665355.08,0.0
HEALTHCARE_EXPENSES_6672.35,0.0
HEALTHCARE_EXPENSES_6692.36,0.0
HEALTHCARE_EXPENSES_6693.42,0.0
HEALTHCARE_EXPENSES_67010.66,0.0
HEALTHCARE_EXPENSES_672486.89,0.0
HEALTHCARE_EXPENSES_672810.79,0.0
HEALTHCARE_EXPENSES_673060.36,0.0
HEALTHCARE_EXPENSES_675948.96,0.0
HEALTHCARE_EXPENSES_6767.79,0.0
HEALTHCARE_EXPENSES_67842.80,0.0
HEALTHCARE_EXPENSES_6794.23,0.0
HEALTHCARE_EXPENSES_67961.92,0.0
HEALTHCARE_EXPENSES_679680.20,0.0
HEALTHCARE_EXPENSES_68040.56,0.0
HEALTHCARE_EXPENSES_68065.90,0.0
HEALTHCARE_EXPENSES_68075.00,0.0
HEALTHCARE_EXPENSES_68438.02,0.0
HEALTHCARE_EXPENSES_68583.70,0.0
HEALTHCARE_EXPENSES_68599.25,0.0
HEALTHCARE_EXPENSES_68684.67,0.0
HEALTHCARE_EXPENSES_686846.81,0.0
HEALTHCARE_EXPENSES_6877.46,0.0
HEALTHCARE_EXPENSES_69013.62,0.0
HEALTHCARE_EXPENSES_69055.28,0.0
HEALTHCARE_EXPENSES_69094.61,0.0
HEALTHCARE_EXPENSES_69102.28,0.0
HEALTHCARE_EXPENSES_69116.30,0.0
HEALTHCARE_EXPENSES_69166.65,0.0
HEALTHCARE_EXPENSES_691747.39,0.0
HEALTHCARE_EXPENSES_69255.60,0.0
HEALTHCARE_EXPENSES_69420.15,0.0
HEALTHCARE_EXPENSES_694767.09,0.0
HEALTHCARE_EXPENSES_69510.49,0.0
HEALTHCARE_EXPENSES_6957.40,0.0
HEALTHCARE_EXPENSES_69668.76,0.0
HEALTHCARE_EXPENSES_698155.09,0.0
HEALTHCARE_EXPENSES_69888.76,0.0
HEALTHCARE_EXPENSES_6995.86,0.0
HEALTHCARE_EXPENSES_7030.50,0.0
HEALTHCARE_EXPENSES_703685.73,0.0
HEALTHCARE_EXPENSES_70506.33,0.0
HEALTHCARE_EXPENSES_706162.13,0.0
HEALTHCARE_EXPENSES_70688.91,0.0
HEALTHCARE_EXPENSES_707851.30,0.0
HEALTHCARE_EXPENSES_708162.97,0.0
HEALTHCARE_EXPENSES_70823.62,0.0
HEALTHCARE_EXPENSES_70949.93,0.0
HEALTHCARE_EXPENSES_71100.82,0.0
HEALTHCARE_EXPENSES_71118.55,0.0
HEALTHCARE_EXPENSES_711969.01,0.0
HEALTHCARE_EXPENSES_713.97,0.0
HEALTHCARE_EXPENSES_713466.15,0.0
HEALTHCARE_EXPENSES_71447.37,0.0
HEALTHCARE_EXPENSES_71626.06,0.0
HEALTHCARE_EXPENSES_71698.00,0.0
HEALTHCARE_EXPENSES_71818.45,0.0
HEALTHCARE_EXPENSES_71825.94,0.0
HEALTHCARE_EXPENSES_72107.38,0.0
HEALTHCARE_EXPENSES_72348.64,0.0
HEALTHCARE_EXPENSES_72375.83,0.0
HEALTHCARE_EXPENSES_72423.64,0.0
HEALTHCARE_EXPENSES_72449.11,0.0
HEALTHCARE_EXPENSES_72808.55,0.0
HEALTHCARE_EXPENSES_728342.92,0.0
HEALTHCARE_EXPENSES_7293.96,0.0
HEALTHCARE_EXPENSES_729627.21,0.0
HEALTHCARE_EXPENSES_72992.10,0.0
HEALTHCARE_EXPENSES_73021.36,0.0
HEALTHCARE_EXPENSES_73042.06,0.0
HEALTHCARE_EXPENSES_73048.85,0.0
HEALTHCARE_EXPENSES_73213.80,0.0
HEALTHCARE_EXPENSES_7327.27,0.0
HEALTHCARE_EXPENSES_7331.65,0.0
HEALTHCARE_EXPENSES_73424.79,0.0
HEALTHCARE_EXPENSES_734483.32,0.0
HEALTHCARE_EXPENSES_736529.61,0.0
HEALTHCARE_EXPENSES_73699.33,0.0
HEALTHCARE_EXPENSES_73711.72,0.0
HEALTHCARE_EXPENSES_740533.55,0.0
HEALTHCARE_EXPENSES_74072.89,0.0
HEALTHCARE_EXPENSES_741059.85,0.0
HEALTHCARE_EXPENSES_74154.47,0.0
HEALTHCARE_EXPENSES_74178.77,0.0
HEALTHCARE_EXPENSES_744007.17,0.0
HEALTHCARE_EXPENSES_74486.34,0.0
HEALTHCARE_EXPENSES_74660.74,0.0
HEALTHCARE_EXPENSES_74825.09,0.0
HEALTHCARE_EXPENSES_74842.58,0.0
HEALTHCARE_EXPENSES_749044.11,0.0
HEALTHCARE_EXPENSES_7491.72,0.0
HEALTHCARE_EXPENSES_750.00,0.0
HEALTHCARE_EXPENSES_7520.32,0.0
HEALTHCARE_EXPENSES_75313.98,0.0
HEALTHCARE_EXPENSES_76117.08,0.0
HEALTHCARE_EXPENSES_762269.38,0.0
HEALTHCARE_EXPENSES_7635.70,0.0
HEALTHCARE_EXPENSES_76352.41,0.0
HEALTHCARE_EXPENSES_764338.28,0.0
HEALTHCARE_EXPENSES_76471.67,0.0
HEALTHCARE_EXPENSES_76492.63,0.0
HEALTHCARE_EXPENSES_76600.09,0.0
HEALTHCARE_EXPENSES_7668.99,0.0
HEALTHCARE_EXPENSES_7677.71,0.0
HEALTHCARE_EXPENSES_76966.89,0.0
HEALTHCARE_EXPENSES_7708.94,0.0
HEALTHCARE_EXPENSES_772191.54,0.0
HEALTHCARE_EXPENSES_77240.43,0.0
HEALTHCARE_EXPENSES_77384.27,0.0
HEALTHCARE_EXPENSES_77534.52,0.0
HEALTHCARE_EXPENSES_77683.13,0.0
HEALTHCARE_EXPENSES_7769.28,0.0
HEALTHCARE_EXPENSES_77702.85,0.0
HEALTHCARE_EXPENSES_7786.14,0.0
HEALTHCARE_EXPENSES_7789.00,0.0
HEALTHCARE_EXPENSES_7795.86,0.0
HEALTHCARE_EXPENSES_7798.69,0.0
HEALTHCARE_EXPENSES_77998.91,0.0
HEALTHCARE_EXPENSES_78184.41,0.0
HEALTHCARE_EXPENSES_78344.26,0.0
HEALTHCARE_EXPENSES_785421.77,0.0
HEALTHCARE_EXPENSES_78584.76,0.0
HEALTHCARE_EXPENSES_78606.23,0.0
HEALTHCARE_EXPENSES_78681.00,0.0
HEALTHCARE_EXPENSES_7876.16,0.0
HEALTHCARE_EXPENSES_78779.41,0.0
HEALTHCARE_EXPENSES_79115.83,0.0
HEALTHCARE_EXPENSES_79158.31,0.0
HEALTHCARE_EXPENSES_79182.00,0.0
HEALTHCARE_EXPENSES_79183.53,0.0
HEALTHCARE_EXPENSES_79357.86,0.0
HEALTHCARE_EXPENSES_79541.44,0.0
HEALTHCARE_EXPENSES_79714.91,0.0
HEALTHCARE_EXPENSES_79783.53,0.0
HEALTHCARE_EXPENSES_79803.36,0.0
HEALTHCARE_EXPENSES_799053.89,0.0
HEALTHCARE_EXPENSES_80156.87,0.0
HEALTHCARE_EXPENSES_801627.72,0.0
HEALTHCARE_EXPENSES_803501.35,0.0
HEALTHCARE_EXPENSES_80427.09,0.0
HEALTHCARE_EXPENSES_8061.89,0.0
HEALTHCARE_EXPENSES_806366.97,0.0
HEALTHCARE_EXPENSES_8068.58,0.0
HEALTHCARE_EXPENSES_80767.16,0.0
HEALTHCARE_EXPENSES_80814.74,0.0
HEALTHCARE_EXPENSES_80856.61,0.0
HEALTHCARE_EXPENSES_8119.84,0.0
HEALTHCARE_EXPENSES_81300.62,0.0
HEALTHCARE_EXPENSES_8135.99,0.0
HEALTHCARE_EXPENSES_815024.46,0.0
HEALTHCARE_EXPENSES_815796.78,0.0
HEALTHCARE_EXPENSES_81613.59,0.0
HEALTHCARE_EXPENSES_81739.88,0.0
HEALTHCARE_EXPENSES_81799.12,0.0
HEALTHCARE_EXPENSES_81856.16,0.0
HEALTHCARE_EXPENSES_81862.51,0.0
HEALTHCARE_EXPENSES_819826.65,0.0
HEALTHCARE_EXPENSES_8199.15,0.0
HEALTHCARE_EXPENSES_820924.52,0.0
HEALTHCARE_EXPENSES_82444.40,0.0
HEALTHCARE_EXPENSES_82505.67,0.0
HEALTHCARE_EXPENSES_825157.45,0.0
HEALTHCARE_EXPENSES_82523.86,0.0
HEALTHCARE_EXPENSES_82618.16,0.0
HEALTHCARE_EXPENSES_827522.75,0.0
HEALTHCARE_EXPENSES_82871.64,0.0
HEALTHCARE_EXPENSES_8293.61,0.0
HEALTHCARE_EXPENSES_832637.46,0.0
HEALTHCARE_EXPENSES_8328.39,0.0
HEALTHCARE_EXPENSES_833807.22,0.0
HEALTHCARE_EXPENSES_83403.81,0.0
HEALTHCARE_EXPENSES_834407.59,0.0
HEALTHCARE_EXPENSES_834448.21,0.0
HEALTHCARE_EXPENSES_834605.71,0.0
HEALTHCARE_EXPENSES_83514.73,0.0
HEALTHCARE_EXPENSES_83941.72,0.0
HEALTHCARE_EXPENSES_839909.00,0.0
HEALTHCARE_EXPENSES_839911.60,0.0
HEALTHCARE_EXPENSES_84160.26,0.0
HEALTHCARE_EXPENSES_842180.21,0.0
HEALTHCARE_EXPENSES_84332.38,0.0
HEALTHCARE_EXPENSES_84348.17,0.0
HEALTHCARE_EXPENSES_846991.68,0.0
HEALTHCARE_EXPENSES_847.66,0.0
HEALTHCARE_EXPENSES_847391.05,0.0
HEALTHCARE_EXPENSES_84749.48,0.0
HEALTHCARE_EXPENSES_84869.98,0.0
HEALTHCARE_EXPENSES_85046.88,0.0
HEALTHCARE_EXPENSES_851256.07,0.0
HEALTHCARE_EXPENSES_85148.39,0.0
HEALTHCARE_EXPENSES_853657.57,0.0
HEALTHCARE_EXPENSES_85619.83,0.0
HEALTHCARE_EXPENSES_857948.23,0.0
HEALTHCARE_EXPENSES_86184.97,0.0
HEALTHCARE_EXPENSES_86386.60,0.0
HEALTHCARE_EXPENSES_86440.67,0.0
HEALTHCARE_EXPENSES_8646.01,0.0
HEALTHCARE_EXPENSES_86682.47,0.0
HEALTHCARE_EXPENSES_87034.70,0.0
HEALTHCARE_EXPENSES_8705.93,0.0
HEALTHCARE_EXPENSES_87098.34,0.0
HEALTHCARE_EXPENSES_87105.99,0.0
HEALTHCARE_EXPENSES_87108.92,0.0
HEALTHCARE_EXPENSES_871208.65,0.0
HEALTHCARE_EXPENSES_871381.67,0.0
HEALTHCARE_EXPENSES_87452.65,0.0
HEALTHCARE_EXPENSES_8773.06,0.0
HEALTHCARE_EXPENSES_87884.09,0.0
HEALTHCARE_EXPENSES_8790.81,0.0
HEALTHCARE_EXPENSES_879103.95,0.0
HEALTHCARE_EXPENSES_87940.79,0.0
HEALTHCARE_EXPENSES_88253.50,0.0
HEALTHCARE_EXPENSES_88356.33,0.0
HEALTHCARE_EXPENSES_8843.66,0.0
HEALTHCARE_EXPENSES_88444.18,0.0
HEALTHCARE_EXPENSES_88633.29,0.0
HEALTHCARE_EXPENSES_8893.26,0.0
HEALTHCARE_EXPENSES_8907.02,0.0
HEALTHCARE_EXPENSES_89147.81,0.0
HEALTHCARE_EXPENSES_892548.06,0.0
HEALTHCARE_EXPENSES_89350.63,0.0
HEALTHCARE_EXPENSES_8940.12,0.0
HEALTHCARE_EXPENSES_895299.26,0.0
HEALTHCARE_EXPENSES_8969.01,0.0
HEALTHCARE_EXPENSES_89955.31,0.0
HEALTHCARE_EXPENSES_900592.63,0.0
HEALTHCARE_EXPENSES_9006.65,0.0
HEALTHCARE_EXPENSES_90090.63,0.0
HEALTHCARE_EXPENSES_901.31,0.0
HEALTHCARE_EXPENSES_90179.11,0.0
HEALTHCARE_EXPENSES_90293.58,0.0
HEALTHCARE_EXPENSES_904669.50,0.0
HEALTHCARE_EXPENSES_9056.89,0.0
HEALTHCARE_EXPENSES_91007.20,0.0
HEALTHCARE_EXPENSES_9108.11,0.0
HEALTHCARE_EXPENSES_91096.60,0.0
HEALTHCARE_EXPENSES_91131.79,0.0
HEALTHCARE_EXPENSES_91160.82,0.0
HEALTHCARE_EXPENSES_912233.08,0.0
HEALTHCARE_EXPENSES_91383.25,0.0
HEALTHCARE_EXPENSES_9150.87,0.0
HEALTHCARE_EXPENSES_91608.51,0.0
HEALTHCARE_EXPENSES_919270.15,0.0
HEALTHCARE_EXPENSES_92072.78,0.0
HEALTHCARE_EXPENSES_921.69,0.0
HEALTHCARE_EXPENSES_92347.56,0.0
HEALTHCARE_EXPENSES_92417.83,0.0
HEALTHCARE_EXPENSES_924277.84,0.0
HEALTHCARE_EXPENSES_92440.15,0.0
HEALTHCARE_EXPENSES_92489.91,0.0
HEALTHCARE_EXPENSES_92505.64,0.0
HEALTHCARE_EXPENSES_92637.29,0.0
HEALTHCARE_EXPENSES_92741.30,0.0
HEALTHCARE_EXPENSES_927468.47,0.0
HEALTHCARE_EXPENSES_92832.77,0.0
HEALTHCARE_EXPENSES_92838.54,0.0
HEALTHCARE_EXPENSES_9324.35,0.0
HEALTHCARE_EXPENSES_93319.09,0.0
HEALTHCARE_EXPENSES_9337.18,0.0
HEALTHCARE_EXPENSES_93729.23,0.0
HEALTHCARE_EXPENSES_93754.06,0.0
HEALTHCARE_EXPENSES_93771.12,0.0
HEALTHCARE_EXPENSES_93790.07,0.0
HEALTHCARE_EXPENSES_9415.75,0.0
HEALTHCARE_EXPENSES_94170.18,0.0
HEALTHCARE_EXPENSES_94182.43,0.0
HEALTHCARE_EXPENSES_94425.97,0.0
HEALTHCARE_EXPENSES_94483.29,0.0
HEALTHCARE_EXPENSES_944877.00,0.0
HEALTHCARE_EXPENSES_94513.39,0.0
HEALTHCARE_EXPENSES_94641.39,0.0
HEALTHCARE_EXPENSES_95000.81,0.0
HEALTHCARE_EXPENSES_95082.12,0.0
HEALTHCARE_EXPENSES_95180.90,0.0
HEALTHCARE_EXPENSES_95187.12,0.0
HEALTHCARE_EXPENSES_95357.38,0.0
HEALTHCARE_EXPENSES_95492.11,0.0
HEALTHCARE_EXPENSES_95780.20,0.0
HEALTHCARE_EXPENSES_95825.47,0.0
HEALTHCARE_EXPENSES_9585.01,0.0
HEALTHCARE_EXPENSES_96117.57,0.0
HEALTHCARE_EXPENSES_96252.21,0.0
HEALTHCARE_EXPENSES_96315.89,0.0
HEALTHCARE_EXPENSES_9660.70,0.0
HEALTHCARE_EXPENSES_96619.52,0.0
HEALTHCARE_EXPENSES_968894.63,0.0
HEALTHCARE_EXPENSES_968988.94,0.0
HEALTHCARE_EXPENSES_97017.30,0.0
HEALTHCARE_EXPENSES_97040.13,0.0
HEALTHCARE_EXPENSES_97160.33,0.0
HEALTHCARE_EXPENSES_97165.71,0.0
HEALTHCARE_EXPENSES_9727.60,0.0
HEALTHCARE_EXPENSES_97405.98,0.0
HEALTHCARE_EXPENSES_97463.71,0.0
HEALTHCARE_EXPENSES_974721.71,0.0
HEALTHCARE_EXPENSES_9750.20,0.0
HEALTHCARE_EXPENSES_97555.81,0.0
HEALTHCARE_EXPENSES_97620.79,0.0
HEALTHCARE_EXPENSES_97690.08,0.0
HEALTHCARE_EXPENSES_98070.33,0.0
HEALTHCARE_EXPENSES_98259.13,0.0
HEALTHCARE_EXPENSES_98303.60,0.0
HEALTHCARE_EXPENSES_98468.30,0.0
HEALTHCARE_EXPENSES_9873.55,0.0
HEALTHCARE_EXPENSES_9875.61,0.0
HEALTHCARE_EXPENSES_98834.98,0.0
HEALTHCARE_EXPENSES_98866.11,0.0
HEALTHCARE_EXPENSES_9887.97,0.0
HEALTHCARE_EXPENSES_9890.09,0.0
HEALTHCARE_EXPENSES_98931.32,0.0
HEALTHCARE_EXPENSES_98997.06,0.0
HEALTHCARE_EXPENSES_9905.32,0.0
HEALTHCARE_EXPENSES_99295.84,0.0
HEALTHCARE_EXPENSES_99320.07,0.0
HEALTHCARE_EXPENSES_993515.70,0.0
HEALTHCARE_EXPENSES_993838.42,0.0
HEALTHCARE_EXPENSES_99416.75,0.0
HEALTHCARE_EXPENSES_99512.63,0.0
HEALTHCARE_EXPENSES_995245.82,0.0
HEALTHCARE_EXPENSES_9955.35,0.0
HEALTHCARE_EXPENSES_99815.23,0.0
HEALTHCARE_EXPENSES_9988.32,0.0
HEALTHCARE_EXPENSES_99953.26,0.0
HEALTHCARE_COVERAGE_0.00,0.0
HEALTHCARE_COVERAGE_1.49,0.0
HEALTHCARE_COVERAGE_100079.54,0.0
HEALTHCARE_COVERAGE_100456.71,0.0
HEALTHCARE_COVERAGE_1004633.19,0.0
HEALTHCARE_COVERAGE_1006090.48,0.0
HEALTHCARE_COVERAGE_1006152.57,0.0
HEALTHCARE_COVERAGE_1007295.73,0.0
HEALTHCARE_COVERAGE_1008655.72,0.0
HEALTHCARE_COVERAGE_101143.58,0.0
HEALTHCARE_COVERAGE_1016070.89,0.0
HEALTHCARE_COVERAGE_1017148.51,0.0
HEALTHCARE_COVERAGE_1023796.70,0.0
HEALTHCARE_COVERAGE_1024689.38,0.0
HEALTHCARE_COVERAGE_10272.28,0.0
HEALTHCARE_COVERAGE_102779.09,0.0
HEALTHCARE_COVERAGE_1028602.28,0.0
HEALTHCARE_COVERAGE_103284.29,0.0
HEALTHCARE_COVERAGE_1037358.62,0.0
HEALTHCARE_COVERAGE_1039356.52,0.0
HEALTHCARE_COVERAGE_104146.26,0.0
HEALTHCARE_COVERAGE_10433.62,0.0
HEALTHCARE_COVERAGE_1046453.96,0.0
HEALTHCARE_COVERAGE_104743.28,0.0
HEALTHCARE_COVERAGE_104836.94,0.0
HEALTHCARE_COVERAGE_1049047.29,0.0
HEALTHCARE_COVERAGE_1052194.67,0.0
HEALTHCARE_COVERAGE_10542.81,0.0
HEALTHCARE_COVERAGE_1055409.16,0.0
HEALTHCARE_COVERAGE_105672.17,0.0
HEALTHCARE_COVERAGE_1057175.87,0.0
HEALTHCARE_COVERAGE_105787.08,0.0
HEALTHCARE_COVERAGE_105814.21,0.0
HEALTHCARE_COVERAGE_10585.91,0.0
HEALTHCARE_COVERAGE_105903.10,0.0
HEALTHCARE_COVERAGE_1059409.30,0.0
HEALTHCARE_COVERAGE_1062443.80,0.0
HEALTHCARE_COVERAGE_106268.53,0.0
HEALTHCARE_COVERAGE_1064473.32,0.0
HEALTHCARE_COVERAGE_1064940.93,0.0
HEALTHCARE_COVERAGE_107232.33,0.0
HEALTHCARE_COVERAGE_1074410.50,0.0
HEALTHCARE_COVERAGE_1074770.81,0.0
HEALTHCARE_COVERAGE_107881.89,0.0
HEALTHCARE_COVERAGE_1079973.76,0.0
HEALTHCARE_COVERAGE_108342.76,0.0
HEALTHCARE_COVERAGE_1084960.04,0.0
HEALTHCARE_COVERAGE_1086540.62,0.0
HEALTHCARE_COVERAGE_1087567.57,0.0
HEALTHCARE_COVERAGE_108787.10,0.0
HEALTHCARE_COVERAGE_10888.76,0.0
HEALTHCARE_COVERAGE_108880.95,0.0
HEALTHCARE_COVERAGE_109246.13,0.0
HEALTHCARE_COVERAGE_10952.39,0.0
HEALTHCARE_COVERAGE_109694.45,0.0
HEALTHCARE_COVERAGE_1097831.34,0.0
HEALTHCARE_COVERAGE_1098087.50,0.0
HEALTHCARE_COVERAGE_109938.85,0.0
HEALTHCARE_COVERAGE_110007.78,0.0
HEALTHCARE_COVERAGE_11022.23,0.0
HEALTHCARE_COVERAGE_110274.56,0.0
HEALTHCARE_COVERAGE_1108985.51,0.0
HEALTHCARE_COVERAGE_11119.87,0.0
HEALTHCARE_COVERAGE_1112258.75,0.0
HEALTHCARE_COVERAGE_1113270.60,0.0
HEALTHCARE_COVERAGE_1113292.83,0.0
HEALTHCARE_COVERAGE_11133.08,0.0
HEALTHCARE_COVERAGE_1114263.44,0.0
HEALTHCARE_COVERAGE_111630.95,0.0
HEALTHCARE_COVERAGE_112182.22,0.0
HEALTHCARE_COVERAGE_1122058.85,0.0
HEALTHCARE_COVERAGE_112272.23,0.0
HEALTHCARE_COVERAGE_1122876.73,0.0
HEALTHCARE_COVERAGE_1123166.65,0.0
HEALTHCARE_COVERAGE_11246.96,0.0
HEALTHCARE_COVERAGE_112477.75,0.0
HEALTHCARE_COVERAGE_1124966.42,0.0
HEALTHCARE_COVERAGE_1131036.84,0.0
HEALTHCARE_COVERAGE_113278.07,0.0
HEALTHCARE_COVERAGE_113305.39,0.0
HEALTHCARE_COVERAGE_1134.14,0.0
HEALTHCARE_COVERAGE_113513.56,0.0
HEALTHCARE_COVERAGE_113832.67,0.0
HEALTHCARE_COVERAGE_113879.58,0.0
HEALTHCARE_COVERAGE_1139028.49,0.0
HEALTHCARE_COVERAGE_114024.29,0.0
HEALTHCARE_COVERAGE_114096.13,0.0
HEALTHCARE_COVERAGE_114116.88,0.0
HEALTHCARE_COVERAGE_11421.91,0.0
HEALTHCARE_COVERAGE_1143998.85,0.0
HEALTHCARE_COVERAGE_11453.44,0.0
HEALTHCARE_COVERAGE_1148158.52,0.0
HEALTHCARE_COVERAGE_1148515.94,0.0
HEALTHCARE_COVERAGE_11528.21,0.0
HEALTHCARE_COVERAGE_115348.24,0.0
HEALTHCARE_COVERAGE_1154998.99,0.0
HEALTHCARE_COVERAGE_115681.46,0.0
HEALTHCARE_COVERAGE_115693.73,0.0
HEALTHCARE_COVERAGE_116082.02,0.0
HEALTHCARE_COVERAGE_1161059.34,0.0
HEALTHCARE_COVERAGE_1161213.65,0.0
HEALTHCARE_COVERAGE_11681.46,0.0
HEALTHCARE_COVERAGE_11684.81,0.0
HEALTHCARE_COVERAGE_1171869.86,0.0
HEALTHCARE_COVERAGE_11725.35,0.0
HEALTHCARE_COVERAGE_117283.85,0.0
HEALTHCARE_COVERAGE_11748.26,0.0
HEALTHCARE_COVERAGE_1179979.19,0.0
HEALTHCARE_COVERAGE_11828.98,0.0
HEALTHCARE_COVERAGE_118408.26,0.0
HEALTHCARE_COVERAGE_118450.99,0.0
HEALTHCARE_COVERAGE_118518.69,0.0
HEALTHCARE_COVERAGE_1186873.98,0.0
HEALTHCARE_COVERAGE_118814.28,0.0
HEALTHCARE_COVERAGE_118960.07,0.0
HEALTHCARE_COVERAGE_11923.75,0.0
HEALTHCARE_COVERAGE_119631.71,0.0
HEALTHCARE_COVERAGE_1196663.28,0.0
HEALTHCARE_COVERAGE_119690.63,0.0
HEALTHCARE_COVERAGE_119962.32,0.0
HEALTHCARE_COVERAGE_120354.37,0.0
HEALTHCARE_COVERAGE_120497.53,0.0
HEALTHCARE_COVERAGE_1205738.51,0.0
HEALTHCARE_COVERAGE_1206024.98,0.0
HEALTHCARE_COVERAGE_1206027.06,0.0
HEALTHCARE_COVERAGE_120686.82,0.0
HEALTHCARE_COVERAGE_1207682.40,0.0
HEALTHCARE_COVERAGE_1208506.28,0.0
HEALTHCARE_COVERAGE_1210823.94,0.0
HEALTHCARE_COVERAGE_12116.79,0.0
HEALTHCARE_COVERAGE_1217036.84,0.0
HEALTHCARE_COVERAGE_122200.90,0.0
HEALTHCARE_COVERAGE_1222785.87,0.0
HEALTHCARE_COVERAGE_122446.49,0.0
HEALTHCARE_COVERAGE_122689.34,0.0
HEALTHCARE_COVERAGE_1229469.68,0.0
HEALTHCARE_COVERAGE_1229915.10,0.0
HEALTHCARE_COVERAGE_123033.27,0.0
HEALTHCARE_COVERAGE_123066.44,0.0
HEALTHCARE_COVERAGE_1233552.26,0.0
HEALTHCARE_COVERAGE_12342.78,0.0
HEALTHCARE_COVERAGE_1235181.94,0.0
HEALTHCARE_COVERAGE_1238959.10,0.0
HEALTHCARE_COVERAGE_12431.97,0.0
HEALTHCARE_COVERAGE_124672.36,0.0
HEALTHCARE_COVERAGE_1247275.42,0.0
HEALTHCARE_COVERAGE_124736.76,0.0
HEALTHCARE_COVERAGE_125073.49,0.0
HEALTHCARE_COVERAGE_1250784.26,0.0
HEALTHCARE_COVERAGE_125079.50,0.0
HEALTHCARE_COVERAGE_12541.72,0.0
HEALTHCARE_COVERAGE_125413.42,0.0
HEALTHCARE_COVERAGE_1254633.96,0.0
HEALTHCARE_COVERAGE_125761.74,0.0
HEALTHCARE_COVERAGE_12599.85,0.0
HEALTHCARE_COVERAGE_126062.32,0.0
HEALTHCARE_COVERAGE_1264551.58,0.0
HEALTHCARE_COVERAGE_1265.40,0.0
HEALTHCARE_COVERAGE_126596.17,0.0
HEALTHCARE_COVERAGE_126703.37,0.0
HEALTHCARE_COVERAGE_12674.63,0.0
HEALTHCARE_COVERAGE_12693.23,0.0
HEALTHCARE_COVERAGE_127.84,0.0
HEALTHCARE_COVERAGE_127006.26,0.0
HEALTHCARE_COVERAGE_127070.81,0.0
HEALTHCARE_COVERAGE_127080.14,0.0
HEALTHCARE_COVERAGE_1271.87,0.0
HEALTHCARE_COVERAGE_12765.09,0.0
HEALTHCARE_COVERAGE_1277105.17,0.0
HEALTHCARE_COVERAGE_127948.45,0.0
HEALTHCARE_COVERAGE_128177.82,0.0
HEALTHCARE_COVERAGE_12874.03,0.0
HEALTHCARE_COVERAGE_128787.25,0.0
HEALTHCARE_COVERAGE_129012.27,0.0
HEALTHCARE_COVERAGE_1290405.35,0.0
HEALTHCARE_COVERAGE_129150.93,0.0
HEALTHCARE_COVERAGE_129238.17,0.0
HEALTHCARE_COVERAGE_1292770.65,0.0
HEALTHCARE_COVERAGE_12931.89,0.0
HEALTHCARE_COVERAGE_12938.70,0.0
HEALTHCARE_COVERAGE_129478.97,0.0
HEALTHCARE_COVERAGE_1298027.26,0.0
HEALTHCARE_COVERAGE_12992.42,0.0
HEALTHCARE_COVERAGE_130163.30,0.0
HEALTHCARE_COVERAGE_130376.68,0.0
HEALTHCARE_COVERAGE_1303912.73,0.0
HEALTHCARE_COVERAGE_1305552.92,0.0
HEALTHCARE_COVERAGE_1305577.61,0.0
HEALTHCARE_COVERAGE_13071.38,0.0
HEALTHCARE_COVERAGE_130825.15,0.0
HEALTHCARE_COVERAGE_130832.46,0.0
HEALTHCARE_COVERAGE_131123.94,0.0
HEALTHCARE_COVERAGE_131182.77,0.0
HEALTHCARE_COVERAGE_131207.08,0.0
HEALTHCARE_COVERAGE_131227.58,0.0
HEALTHCARE_COVERAGE_13149.99,0.0
HEALTHCARE_COVERAGE_131568.90,0.0
HEALTHCARE_COVERAGE_131761.30,0.0
HEALTHCARE_COVERAGE_131968.22,0.0
HEALTHCARE_COVERAGE_13203.27,0.0
HEALTHCARE_COVERAGE_132198.98,0.0
HEALTHCARE_COVERAGE_1322221.60,0.0
HEALTHCARE_COVERAGE_1324148.35,0.0
HEALTHCARE_COVERAGE_13283.73,0.0
HEALTHCARE_COVERAGE_133050.52,0.0
HEALTHCARE_COVERAGE_13358.43,0.0
HEALTHCARE_COVERAGE_13368.33,0.0
HEALTHCARE_COVERAGE_13379.54,0.0
HEALTHCARE_COVERAGE_134105.57,0.0
HEALTHCARE_COVERAGE_134291.82,0.0
HEALTHCARE_COVERAGE_1343383.17,0.0
HEALTHCARE_COVERAGE_1349992.67,0.0
HEALTHCARE_COVERAGE_1352072.67,0.0
HEALTHCARE_COVERAGE_1352763.07,0.0
HEALTHCARE_COVERAGE_13535.52,0.0
HEALTHCARE_COVERAGE_135457.32,0.0
HEALTHCARE_COVERAGE_1356890.10,0.0
HEALTHCARE_COVERAGE_135911.77,0.0
HEALTHCARE_COVERAGE_1359770.40,0.0
HEALTHCARE_COVERAGE_13604.54,0.0
HEALTHCARE_COVERAGE_136108.27,0.0
HEALTHCARE_COVERAGE_136260.84,0.0
HEALTHCARE_COVERAGE_1363151.87,0.0
HEALTHCARE_COVERAGE_136460.19,0.0
HEALTHCARE_COVERAGE_13664.35,0.0
HEALTHCARE_COVERAGE_137356.42,0.0
HEALTHCARE_COVERAGE_137486.04,0.0
HEALTHCARE_COVERAGE_137652.57,0.0
HEALTHCARE_COVERAGE_1379009.70,0.0
HEALTHCARE_COVERAGE_13794.83,0.0
HEALTHCARE_COVERAGE_1379491.74,0.0
HEALTHCARE_COVERAGE_138392.39,0.0
HEALTHCARE_COVERAGE_13848.23,0.0
HEALTHCARE_COVERAGE_138635.13,0.0
HEALTHCARE_COVERAGE_138836.40,0.0
HEALTHCARE_COVERAGE_139232.91,0.0
HEALTHCARE_COVERAGE_139736.98,0.0
HEALTHCARE_COVERAGE_13999.55,0.0
HEALTHCARE_COVERAGE_1402407.18,0.0
HEALTHCARE_COVERAGE_14077.60,0.0
HEALTHCARE_COVERAGE_140868.41,0.0
HEALTHCARE_COVERAGE_141111.93,0.0
HEALTHCARE_COVERAGE_1413.47,0.0
HEALTHCARE_COVERAGE_14134.59,0.0
HEALTHCARE_COVERAGE_141652.06,0.0
HEALTHCARE_COVERAGE_1416886.34,0.0
HEALTHCARE_COVERAGE_141733.16,0.0
HEALTHCARE_COVERAGE_1421117.72,0.0
HEALTHCARE_COVERAGE_1436796.67,0.0
HEALTHCARE_COVERAGE_14392.02,0.0
HEALTHCARE_COVERAGE_1440534.31,0.0
HEALTHCARE_COVERAGE_1442230.64,0.0
HEALTHCARE_COVERAGE_144268.62,0.0
HEALTHCARE_COVERAGE_144525.62,0.0
HEALTHCARE_COVERAGE_145353.60,0.0
HEALTHCARE_COVERAGE_1454874.59,0.0
HEALTHCARE_COVERAGE_14549.82,0.0
HEALTHCARE_COVERAGE_145618.48,0.0
HEALTHCARE_COVERAGE_1456537.55,0.0
HEALTHCARE_COVERAGE_145722.27,0.0
HEALTHCARE_COVERAGE_146638.94,0.0
HEALTHCARE_COVERAGE_1470069.39,0.0
HEALTHCARE_COVERAGE_1474620.87,0.0
HEALTHCARE_COVERAGE_147950.89,0.0
HEALTHCARE_COVERAGE_14802.55,0.0
HEALTHCARE_COVERAGE_148394.27,0.0
HEALTHCARE_COVERAGE_148688.18,0.0
HEALTHCARE_COVERAGE_1488150.68,0.0
HEALTHCARE_COVERAGE_14888.54,0.0
HEALTHCARE_COVERAGE_14930.59,0.0
HEALTHCARE_COVERAGE_1495428.52,0.0
HEALTHCARE_COVERAGE_1496.58,0.0
HEALTHCARE_COVERAGE_149691.46,0.0
HEALTHCARE_COVERAGE_1498293.63,0.0
HEALTHCARE_COVERAGE_149885.45,0.0
HEALTHCARE_COVERAGE_15068.41,0.0
HEALTHCARE_COVERAGE_1508580.36,0.0
HEALTHCARE_COVERAGE_151002.67,0.0
HEALTHCARE_COVERAGE_151246.83,0.0
HEALTHCARE_COVERAGE_1518844.01,0.0
HEALTHCARE_COVERAGE_152017.35,0.0
HEALTHCARE_COVERAGE_15255.72,0.0
HEALTHCARE_COVERAGE_152830.40,0.0
HEALTHCARE_COVERAGE_152832.02,0.0
HEALTHCARE_COVERAGE_15298.29,0.0
HEALTHCARE_COVERAGE_153.44,0.0
HEALTHCARE_COVERAGE_153452.79,0.0
HEALTHCARE_COVERAGE_1534602.72,0.0
HEALTHCARE_COVERAGE_153488.15,0.0
HEALTHCARE_COVERAGE_153578.76,0.0
HEALTHCARE_COVERAGE_153593.03,0.0
HEALTHCARE_COVERAGE_15364.08,0.0
HEALTHCARE_COVERAGE_1539491.53,0.0
HEALTHCARE_COVERAGE_154072.83,0.0
HEALTHCARE_COVERAGE_15420.00,0.0
HEALTHCARE_COVERAGE_154532.16,0.0
HEALTHCARE_COVERAGE_154679.18,0.0
HEALTHCARE_COVERAGE_154832.92,0.0
HEALTHCARE_COVERAGE_15486.39,0.0
HEALTHCARE_COVERAGE_155.81,0.0
HEALTHCARE_COVERAGE_155775.79,0.0
HEALTHCARE_COVERAGE_155894.72,0.0
HEALTHCARE_COVERAGE_156243.77,0.0
HEALTHCARE_COVERAGE_1566.86,0.0
HEALTHCARE_COVERAGE_15703.13,0.0
HEALTHCARE_COVERAGE_1571521.03,0.0
HEALTHCARE_COVERAGE_157781.57,0.0
HEALTHCARE_COVERAGE_15796.99,0.0
HEALTHCARE_COVERAGE_15850.79,0.0
HEALTHCARE_COVERAGE_158709.44,0.0
HEALTHCARE_COVERAGE_1588245.67,0.0
HEALTHCARE_COVERAGE_158878.55,0.0
HEALTHCARE_COVERAGE_159104.26,0.0
HEALTHCARE_COVERAGE_15920.66,0.0
HEALTHCARE_COVERAGE_159260.97,0.0
HEALTHCARE_COVERAGE_1594.12,0.0
HEALTHCARE_COVERAGE_15951.94,0.0
HEALTHCARE_COVERAGE_1597889.87,0.0
HEALTHCARE_COVERAGE_1599369.01,0.0
HEALTHCARE_COVERAGE_16002.05,0.0
HEALTHCARE_COVERAGE_160192.74,0.0
HEALTHCARE_COVERAGE_16033.12,0.0
HEALTHCARE_COVERAGE_16086.48,0.0
HEALTHCARE_COVERAGE_16141.65,0.0
HEALTHCARE_COVERAGE_161862.71,0.0
HEALTHCARE_COVERAGE_162786.70,0.0
HEALTHCARE_COVERAGE_16298.86,0.0
HEALTHCARE_COVERAGE_1633315.13,0.0
HEALTHCARE_COVERAGE_163621.63,0.0
HEALTHCARE_COVERAGE_164609.77,0.0
HEALTHCARE_COVERAGE_165276.12,0.0
HEALTHCARE_COVERAGE_1656533.70,0.0
HEALTHCARE_COVERAGE_165758.43,0.0
HEALTHCARE_COVERAGE_166089.67,0.0
HEALTHCARE_COVERAGE_166343.46,0.0
HEALTHCARE_COVERAGE_166464.77,0.0
HEALTHCARE_COVERAGE_166637.40,0.0
HEALTHCARE_COVERAGE_166969.29,0.0
HEALTHCARE_COVERAGE_167340.15,0.0
HEALTHCARE_COVERAGE_1673661.26,0.0
HEALTHCARE_COVERAGE_1674.15,0.0
HEALTHCARE_COVERAGE_16815.57,0.0
HEALTHCARE_COVERAGE_168217.74,0.0
HEALTHCARE_COVERAGE_1683.56,0.0
HEALTHCARE_COVERAGE_1688307.15,0.0
HEALTHCARE_COVERAGE_1691864.29,0.0
HEALTHCARE_COVERAGE_16961.32,0.0
HEALTHCARE_COVERAGE_1701421.52,0.0
HEALTHCARE_COVERAGE_17063.07,0.0
HEALTHCARE_COVERAGE_171350.75,0.0
HEALTHCARE_COVERAGE_1714549.83,0.0
HEALTHCARE_COVERAGE_171908.75,0.0
HEALTHCARE_COVERAGE_171949.15,0.0
HEALTHCARE_COVERAGE_17244.23,0.0
HEALTHCARE_COVERAGE_172689.09,0.0
HEALTHCARE_COVERAGE_172689.67,0.0
HEALTHCARE_COVERAGE_17324.58,0.0
HEALTHCARE_COVERAGE_173334.99,0.0
HEALTHCARE_COVERAGE_1736097.75,0.0
HEALTHCARE_COVERAGE_173761.11,0.0
HEALTHCARE_COVERAGE_173764.95,0.0
HEALTHCARE_COVERAGE_174466.87,0.0
HEALTHCARE_COVERAGE_174476.25,0.0
HEALTHCARE_COVERAGE_174792.15,0.0
HEALTHCARE_COVERAGE_1748468.46,0.0
HEALTHCARE_COVERAGE_17501.54,0.0
HEALTHCARE_COVERAGE_175106.47,0.0
HEALTHCARE_COVERAGE_17546.32,0.0
HEALTHCARE_COVERAGE_176100.38,0.0
HEALTHCARE_COVERAGE_17630.03,0.0
HEALTHCARE_COVERAGE_177521.83,0.0
HEALTHCARE_COVERAGE_17757.69,0.0
HEALTHCARE_COVERAGE_178688.69,0.0
HEALTHCARE_COVERAGE_178762.84,0.0
HEALTHCARE_COVERAGE_179477.78,0.0
HEALTHCARE_COVERAGE_179599.55,0.0
HEALTHCARE_COVERAGE_1796898.38,0.0
HEALTHCARE_COVERAGE_18076.18,0.0
HEALTHCARE_COVERAGE_180779.94,0.0
HEALTHCARE_COVERAGE_18088.08,0.0
HEALTHCARE_COVERAGE_182365.05,0.0
HEALTHCARE_COVERAGE_182571.48,0.0
HEALTHCARE_COVERAGE_182706.10,0.0
HEALTHCARE_COVERAGE_182746.51,0.0
HEALTHCARE_COVERAGE_182810.30,0.0
HEALTHCARE_COVERAGE_183073.19,0.0
HEALTHCARE_COVERAGE_183174.09,0.0
HEALTHCARE_COVERAGE_183502.65,0.0
HEALTHCARE_COVERAGE_183515.49,0.0
HEALTHCARE_COVERAGE_184176.12,0.0
HEALTHCARE_COVERAGE_1843.66,0.0
HEALTHCARE_COVERAGE_184667.72,0.0
HEALTHCARE_COVERAGE_18489.26,0.0
HEALTHCARE_COVERAGE_184897.65,0.0
HEALTHCARE_COVERAGE_184922.33,0.0
HEALTHCARE_COVERAGE_185143.56,0.0
HEALTHCARE_COVERAGE_18521.86,0.0
HEALTHCARE_COVERAGE_18550.43,0.0
HEALTHCARE_COVERAGE_185738.42,0.0
HEALTHCARE_COVERAGE_185752.02,0.0
HEALTHCARE_COVERAGE_185857.36,0.0
HEALTHCARE_COVERAGE_1859.24,0.0
HEALTHCARE_COVERAGE_186004.97,0.0
HEALTHCARE_COVERAGE_18641.31,0.0
HEALTHCARE_COVERAGE_1873.25,0.0
HEALTHCARE_COVERAGE_18795.41,0.0
HEALTHCARE_COVERAGE_187961.63,0.0
HEALTHCARE_COVERAGE_18885.77,0.0
HEALTHCARE_COVERAGE_189403.89,0.0
HEALTHCARE_COVERAGE_189474.55,0.0
HEALTHCARE_COVERAGE_18954.55,0.0
HEALTHCARE_COVERAGE_189728.43,0.0
HEALTHCARE_COVERAGE_189755.92,0.0
HEALTHCARE_COVERAGE_189877.67,0.0
HEALTHCARE_COVERAGE_1905063.09,0.0
HEALTHCARE_COVERAGE_191326.79,0.0
HEALTHCARE_COVERAGE_1915939.53,0.0
HEALTHCARE_COVERAGE_19190.39,0.0
HEALTHCARE_COVERAGE_1924029.81,0.0
HEALTHCARE_COVERAGE_19256.58,0.0
HEALTHCARE_COVERAGE_192794.83,0.0
HEALTHCARE_COVERAGE_193232.77,0.0
HEALTHCARE_COVERAGE_193395.01,0.0
HEALTHCARE_COVERAGE_19406.68,0.0
HEALTHCARE_COVERAGE_1945647.43,0.0
HEALTHCARE_COVERAGE_19467.84,0.0
HEALTHCARE_COVERAGE_19483.23,0.0
HEALTHCARE_COVERAGE_195414.05,0.0
HEALTHCARE_COVERAGE_196.30,0.0
HEALTHCARE_COVERAGE_196191.88,0.0
HEALTHCARE_COVERAGE_19696.38,0.0
HEALTHCARE_COVERAGE_197439.98,0.0
HEALTHCARE_COVERAGE_198034.78,0.0
HEALTHCARE_COVERAGE_198140.45,0.0
HEALTHCARE_COVERAGE_198851.87,0.0
HEALTHCARE_COVERAGE_199074.52,0.0
HEALTHCARE_COVERAGE_199258.54,0.0
HEALTHCARE_COVERAGE_19987.11,0.0
HEALTHCARE_COVERAGE_200088.15,0.0
HEALTHCARE_COVERAGE_200332.06,0.0
HEALTHCARE_COVERAGE_200789.85,0.0
HEALTHCARE_COVERAGE_20133.58,0.0
HEALTHCARE_COVERAGE_202561.93,0.0
HEALTHCARE_COVERAGE_202827.78,0.0
HEALTHCARE_COVERAGE_20299.04,0.0
HEALTHCARE_COVERAGE_203142.45,0.0
HEALTHCARE_COVERAGE_20324.57,0.0
HEALTHCARE_COVERAGE_20325.25,0.0
HEALTHCARE_COVERAGE_2033450.32,0.0
HEALTHCARE_COVERAGE_20349.52,0.0
HEALTHCARE_COVERAGE_203847.36,0.0
HEALTHCARE_COVERAGE_20389.33,0.0
HEALTHCARE_COVERAGE_204222.31,0.0
HEALTHCARE_COVERAGE_204405.91,0.0
HEALTHCARE_COVERAGE_20444.30,0.0
HEALTHCARE_COVERAGE_2044560.81,0.0
HEALTHCARE_COVERAGE_205045.22,0.0
HEALTHCARE_COVERAGE_205140.10,0.0
HEALTHCARE_COVERAGE_20645.91,0.0
HEALTHCARE_COVERAGE_2066577.30,0.0
HEALTHCARE_COVERAGE_20694.49,0.0
HEALTHCARE_COVERAGE_206951.60,0.0
HEALTHCARE_COVERAGE_2069651.90,0.0
HEALTHCARE_COVERAGE_207470.63,0.0
HEALTHCARE_COVERAGE_207648.79,0.0
HEALTHCARE_COVERAGE_208259.33,0.0
HEALTHCARE_COVERAGE_208361.58,0.0
HEALTHCARE_COVERAGE_208858.20,0.0
HEALTHCARE_COVERAGE_20902.99,0.0
HEALTHCARE_COVERAGE_20940.73,0.0
HEALTHCARE_COVERAGE_209578.47,0.0
HEALTHCARE_COVERAGE_209648.48,0.0
HEALTHCARE_COVERAGE_210062.35,0.0
HEALTHCARE_COVERAGE_21135.80,0.0
HEALTHCARE_COVERAGE_21166.37,0.0
HEALTHCARE_COVERAGE_212344.69,0.0
HEALTHCARE_COVERAGE_21253.06,0.0
HEALTHCARE_COVERAGE_21292.66,0.0
HEALTHCARE_COVERAGE_21370.67,0.0
HEALTHCARE_COVERAGE_21389.78,0.0
HEALTHCARE_COVERAGE_21494.33,0.0
HEALTHCARE_COVERAGE_215011.95,0.0
HEALTHCARE_COVERAGE_21603.74,0.0
HEALTHCARE_COVERAGE_21611.44,0.0
HEALTHCARE_COVERAGE_217205.85,0.0
HEALTHCARE_COVERAGE_21759.23,0.0
HEALTHCARE_COVERAGE_217603.45,0.0
HEALTHCARE_COVERAGE_218418.54,0.0
HEALTHCARE_COVERAGE_21891.09,0.0
HEALTHCARE_COVERAGE_219161.02,0.0
HEALTHCARE_COVERAGE_219619.74,0.0
HEALTHCARE_COVERAGE_220313.76,0.0
HEALTHCARE_COVERAGE_220355.69,0.0
HEALTHCARE_COVERAGE_2207.87,0.0
HEALTHCARE_COVERAGE_221113.76,0.0
HEALTHCARE_COVERAGE_2215.14,0.0
HEALTHCARE_COVERAGE_22177.98,0.0
HEALTHCARE_COVERAGE_22251.71,0.0
HEALTHCARE_COVERAGE_22265.48,0.0
HEALTHCARE_COVERAGE_223.04,0.0
HEALTHCARE_COVERAGE_223295.08,0.0
HEALTHCARE_COVERAGE_223542.30,0.0
HEALTHCARE_COVERAGE_223565.79,0.0
HEALTHCARE_COVERAGE_223693.32,0.0
HEALTHCARE_COVERAGE_223762.36,0.0
HEALTHCARE_COVERAGE_223772.80,0.0
HEALTHCARE_COVERAGE_223831.81,0.0
HEALTHCARE_COVERAGE_224439.22,0.0
HEALTHCARE_COVERAGE_22478.61,0.0
HEALTHCARE_COVERAGE_22485.24,0.0
HEALTHCARE_COVERAGE_227849.81,0.0
HEALTHCARE_COVERAGE_227874.88,0.0
HEALTHCARE_COVERAGE_228394.39,0.0
HEALTHCARE_COVERAGE_22842.23,0.0
HEALTHCARE_COVERAGE_228682.13,0.0
HEALTHCARE_COVERAGE_22888.99,0.0
HEALTHCARE_COVERAGE_229371.85,0.0
HEALTHCARE_COVERAGE_22955.49,0.0
HEALTHCARE_COVERAGE_229812.02,0.0
HEALTHCARE_COVERAGE_23018.71,0.0
HEALTHCARE_COVERAGE_230228.59,0.0
HEALTHCARE_COVERAGE_230424.09,0.0
HEALTHCARE_COVERAGE_230706.80,0.0
HEALTHCARE_COVERAGE_23092.63,0.0
HEALTHCARE_COVERAGE_231167.97,0.0
HEALTHCARE_COVERAGE_2315.56,0.0
HEALTHCARE_COVERAGE_231685.74,0.0
HEALTHCARE_COVERAGE_2318.22,0.0
HEALTHCARE_COVERAGE_232052.46,0.0
HEALTHCARE_COVERAGE_233055.02,0.0
HEALTHCARE_COVERAGE_23324.69,0.0
HEALTHCARE_COVERAGE_233314.30,0.0
HEALTHCARE_COVERAGE_23365.00,0.0
HEALTHCARE_COVERAGE_2341.00,0.0
HEALTHCARE_COVERAGE_23444.05,0.0
HEALTHCARE_COVERAGE_23454.84,0.0
HEALTHCARE_COVERAGE_234621.13,0.0
HEALTHCARE_COVERAGE_2348.75,0.0
HEALTHCARE_COVERAGE_2350.12,0.0
HEALTHCARE_COVERAGE_235330.40,0.0
HEALTHCARE_COVERAGE_235600.40,0.0
HEALTHCARE_COVERAGE_235651.56,0.0
HEALTHCARE_COVERAGE_236159.02,0.0
HEALTHCARE_COVERAGE_237050.32,0.0
HEALTHCARE_COVERAGE_23734.30,0.0
HEALTHCARE_COVERAGE_23774.12,0.0
HEALTHCARE_COVERAGE_239106.22,0.0
HEALTHCARE_COVERAGE_240077.50,0.0
HEALTHCARE_COVERAGE_240180.64,0.0
HEALTHCARE_COVERAGE_240248.96,0.0
HEALTHCARE_COVERAGE_240882.52,0.0
HEALTHCARE_COVERAGE_240983.43,0.0
HEALTHCARE_COVERAGE_2409849.55,0.0
HEALTHCARE_COVERAGE_241227.31,0.0
HEALTHCARE_COVERAGE_241531.67,0.0
HEALTHCARE_COVERAGE_24209.78,0.0
HEALTHCARE_COVERAGE_242639.31,0.0
HEALTHCARE_COVERAGE_24287.74,0.0
HEALTHCARE_COVERAGE_243306.56,0.0
HEALTHCARE_COVERAGE_243514.21,0.0
HEALTHCARE_COVERAGE_2437.22,0.0
HEALTHCARE_COVERAGE_243779.08,0.0
HEALTHCARE_COVERAGE_243943.56,0.0
HEALTHCARE_COVERAGE_245556.14,0.0
HEALTHCARE_COVERAGE_2456864.32,0.0
HEALTHCARE_COVERAGE_246779.17,0.0
HEALTHCARE_COVERAGE_246840.70,0.0
HEALTHCARE_COVERAGE_247299.39,0.0
HEALTHCARE_COVERAGE_247567.78,0.0
HEALTHCARE_COVERAGE_247792.18,0.0
HEALTHCARE_COVERAGE_247975.70,0.0
HEALTHCARE_COVERAGE_248402.36,0.0
HEALTHCARE_COVERAGE_249214.90,0.0
HEALTHCARE_COVERAGE_24923.26,0.0
HEALTHCARE_COVERAGE_249509.71,0.0
HEALTHCARE_COVERAGE_249626.83,0.0
HEALTHCARE_COVERAGE_249796.68,0.0
HEALTHCARE_COVERAGE_249974.73,0.0
HEALTHCARE_COVERAGE_25025.14,0.0
HEALTHCARE_COVERAGE_25040.07,0.0
HEALTHCARE_COVERAGE_2505.47,0.0
HEALTHCARE_COVERAGE_25085.84,0.0
HEALTHCARE_COVERAGE_251118.79,0.0
HEALTHCARE_COVERAGE_2536.54,0.0
HEALTHCARE_COVERAGE_25397.50,0.0
HEALTHCARE_COVERAGE_254929.67,0.0
HEALTHCARE_COVERAGE_255182.70,0.0
HEALTHCARE_COVERAGE_25587.23,0.0
HEALTHCARE_COVERAGE_256.68,0.0
HEALTHCARE_COVERAGE_256274.26,0.0
HEALTHCARE_COVERAGE_256343.21,0.0
HEALTHCARE_COVERAGE_256690.18,0.0
HEALTHCARE_COVERAGE_257501.74,0.0
HEALTHCARE_COVERAGE_25813.66,0.0
HEALTHCARE_COVERAGE_258757.91,0.0
HEALTHCARE_COVERAGE_259664.99,0.0
HEALTHCARE_COVERAGE_260274.16,0.0
HEALTHCARE_COVERAGE_260816.57,0.0
HEALTHCARE_COVERAGE_261047.16,0.0
HEALTHCARE_COVERAGE_261493.60,0.0
HEALTHCARE_COVERAGE_26189.03,0.0
HEALTHCARE_COVERAGE_26207.27,0.0
HEALTHCARE_COVERAGE_2627.32,0.0
HEALTHCARE_COVERAGE_262797.38,0.0
HEALTHCARE_COVERAGE_26301.12,0.0
HEALTHCARE_COVERAGE_263490.63,0.0
HEALTHCARE_COVERAGE_263627.08,0.0
HEALTHCARE_COVERAGE_2638.69,0.0
HEALTHCARE_COVERAGE_26484.28,0.0
HEALTHCARE_COVERAGE_265498.80,0.0
HEALTHCARE_COVERAGE_26569.58,0.0
HEALTHCARE_COVERAGE_26620.43,0.0
HEALTHCARE_COVERAGE_266564.43,0.0
HEALTHCARE_COVERAGE_2667.49,0.0
HEALTHCARE_COVERAGE_267021.23,0.0
HEALTHCARE_COVERAGE_267254.16,0.0
HEALTHCARE_COVERAGE_2673919.21,0.0
HEALTHCARE_COVERAGE_267433.84,0.0
HEALTHCARE_COVERAGE_268300.06,0.0
HEALTHCARE_COVERAGE_268314.77,0.0
HEALTHCARE_COVERAGE_26890.14,0.0
HEALTHCARE_COVERAGE_26914.91,0.0
HEALTHCARE_COVERAGE_269644.55,0.0
HEALTHCARE_COVERAGE_269677.59,0.0
HEALTHCARE_COVERAGE_26990.20,0.0
HEALTHCARE_COVERAGE_270044.74,0.0
HEALTHCARE_COVERAGE_27030.61,0.0
HEALTHCARE_COVERAGE_271528.25,0.0
HEALTHCARE_COVERAGE_27165.41,0.0
HEALTHCARE_COVERAGE_27183.32,0.0
HEALTHCARE_COVERAGE_272153.69,0.0
HEALTHCARE_COVERAGE_272911.70,0.0
HEALTHCARE_COVERAGE_27392.57,0.0
HEALTHCARE_COVERAGE_274276.52,0.0
HEALTHCARE_COVERAGE_274602.81,0.0
HEALTHCARE_COVERAGE_274808.48,0.0
HEALTHCARE_COVERAGE_275662.17,0.0
HEALTHCARE_COVERAGE_275694.60,0.0
HEALTHCARE_COVERAGE_2762141.89,0.0
HEALTHCARE_COVERAGE_277831.12,0.0
HEALTHCARE_COVERAGE_27831.29,0.0
HEALTHCARE_COVERAGE_279122.17,0.0
HEALTHCARE_COVERAGE_2791851.63,0.0
HEALTHCARE_COVERAGE_28035.57,0.0
HEALTHCARE_COVERAGE_280735.09,0.0
HEALTHCARE_COVERAGE_281053.39,0.0
HEALTHCARE_COVERAGE_281509.56,0.0
HEALTHCARE_COVERAGE_28159.89,0.0
HEALTHCARE_COVERAGE_28192.86,0.0
HEALTHCARE_COVERAGE_282563.69,0.0
HEALTHCARE_COVERAGE_28282.61,0.0
HEALTHCARE_COVERAGE_28423.93,0.0
HEALTHCARE_COVERAGE_28439.14,0.0
HEALTHCARE_COVERAGE_28439.80,0.0
HEALTHCARE_COVERAGE_284410.88,0.0
HEALTHCARE_COVERAGE_285059.94,0.0
HEALTHCARE_COVERAGE_2855.03,0.0
HEALTHCARE_COVERAGE_28563.87,0.0
HEALTHCARE_COVERAGE_285631.76,0.0
HEALTHCARE_COVERAGE_285724.09,0.0
HEALTHCARE_COVERAGE_285744.02,0.0
HEALTHCARE_COVERAGE_285845.52,0.0
HEALTHCARE_COVERAGE_285941.76,0.0
HEALTHCARE_COVERAGE_28700.23,0.0
HEALTHCARE_COVERAGE_288425.30,0.0
HEALTHCARE_COVERAGE_288580.88,0.0
HEALTHCARE_COVERAGE_288757.70,0.0
HEALTHCARE_COVERAGE_28888.74,0.0
HEALTHCARE_COVERAGE_29046.45,0.0
HEALTHCARE_COVERAGE_291840.08,0.0
HEALTHCARE_COVERAGE_29240.83,0.0
HEALTHCARE_COVERAGE_292522.39,0.0
HEALTHCARE_COVERAGE_2934.07,0.0
HEALTHCARE_COVERAGE_293566.89,0.0
HEALTHCARE_COVERAGE_295178.80,0.0
HEALTHCARE_COVERAGE_295292.38,0.0
HEALTHCARE_COVERAGE_29592.45,0.0
HEALTHCARE_COVERAGE_296424.81,0.0
HEALTHCARE_COVERAGE_2965.71,0.0
HEALTHCARE_COVERAGE_29691.25,0.0
HEALTHCARE_COVERAGE_29693.84,0.0
HEALTHCARE_COVERAGE_297153.93,0.0
HEALTHCARE_COVERAGE_298901.88,0.0
HEALTHCARE_COVERAGE_298931.31,0.0
HEALTHCARE_COVERAGE_299071.76,0.0
HEALTHCARE_COVERAGE_299304.19,0.0
HEALTHCARE_COVERAGE_299343.64,0.0
HEALTHCARE_COVERAGE_299472.22,0.0
HEALTHCARE_COVERAGE_299648.97,0.0
HEALTHCARE_COVERAGE_300118.02,0.0
HEALTHCARE_COVERAGE_30024.90,0.0
HEALTHCARE_COVERAGE_302234.06,0.0
HEALTHCARE_COVERAGE_302301.32,0.0
HEALTHCARE_COVERAGE_302359.32,0.0
HEALTHCARE_COVERAGE_30303.55,0.0
HEALTHCARE_COVERAGE_303256.96,0.0
HEALTHCARE_COVERAGE_30363.79,0.0
HEALTHCARE_COVERAGE_30602.90,0.0
HEALTHCARE_COVERAGE_30623.92,0.0
HEALTHCARE_COVERAGE_306391.89,0.0
HEALTHCARE_COVERAGE_30658.07,0.0
HEALTHCARE_COVERAGE_307241.70,0.0
HEALTHCARE_COVERAGE_307926.74,0.0
HEALTHCARE_COVERAGE_308071.74,0.0
HEALTHCARE_COVERAGE_30817.33,0.0
HEALTHCARE_COVERAGE_308304.10,0.0
HEALTHCARE_COVERAGE_308762.52,0.0
HEALTHCARE_COVERAGE_30920.59,0.0
HEALTHCARE_COVERAGE_309212.82,0.0
HEALTHCARE_COVERAGE_309750.41,0.0
HEALTHCARE_COVERAGE_30996.78,0.0
HEALTHCARE_COVERAGE_309986.18,0.0
HEALTHCARE_COVERAGE_310952.79,0.0
HEALTHCARE_COVERAGE_31233.15,0.0
HEALTHCARE_COVERAGE_312626.11,0.0
HEALTHCARE_COVERAGE_31324.28,0.0
HEALTHCARE_COVERAGE_3153715.15,0.0
HEALTHCARE_COVERAGE_31622.15,0.0
HEALTHCARE_COVERAGE_317724.64,0.0
HEALTHCARE_COVERAGE_31847.00,0.0
HEALTHCARE_COVERAGE_3186.86,0.0
HEALTHCARE_COVERAGE_31927.09,0.0
HEALTHCARE_COVERAGE_319497.21,0.0
HEALTHCARE_COVERAGE_31998.80,0.0
HEALTHCARE_COVERAGE_32033.32,0.0
HEALTHCARE_COVERAGE_320594.95,0.0
HEALTHCARE_COVERAGE_32099.13,0.0
HEALTHCARE_COVERAGE_321315.75,0.0
HEALTHCARE_COVERAGE_322080.63,0.0
HEALTHCARE_COVERAGE_32243.00,0.0
HEALTHCARE_COVERAGE_322538.78,0.0
HEALTHCARE_COVERAGE_322989.99,0.0
HEALTHCARE_COVERAGE_323174.60,0.0
HEALTHCARE_COVERAGE_32379.30,0.0
HEALTHCARE_COVERAGE_324184.55,0.0
HEALTHCARE_COVERAGE_324342.32,0.0
HEALTHCARE_COVERAGE_324547.23,0.0
HEALTHCARE_COVERAGE_324769.50,0.0
HEALTHCARE_COVERAGE_32477.55,0.0
HEALTHCARE_COVERAGE_32602.80,0.0
HEALTHCARE_COVERAGE_326066.29,0.0
HEALTHCARE_COVERAGE_326442.07,0.0
HEALTHCARE_COVERAGE_32652.22,0.0
HEALTHCARE_COVERAGE_326652.43,0.0
HEALTHCARE_COVERAGE_327245.18,0.0
HEALTHCARE_COVERAGE_32793.53,0.0
HEALTHCARE_COVERAGE_328163.35,0.0
HEALTHCARE_COVERAGE_329568.36,0.0
HEALTHCARE_COVERAGE_329620.18,0.0
HEALTHCARE_COVERAGE_33052.26,0.0
HEALTHCARE_COVERAGE_330646.45,0.0
HEALTHCARE_COVERAGE_331203.52,0.0
HEALTHCARE_COVERAGE_33260.94,0.0
HEALTHCARE_COVERAGE_332961.35,0.0
HEALTHCARE_COVERAGE_33309.63,0.0
HEALTHCARE_COVERAGE_333453.39,0.0
HEALTHCARE_COVERAGE_333524.08,0.0
HEALTHCARE_COVERAGE_333577.72,0.0
HEALTHCARE_COVERAGE_334021.68,0.0
HEALTHCARE_COVERAGE_33427.13,0.0
HEALTHCARE_COVERAGE_33461.54,0.0
HEALTHCARE_COVERAGE_33472.06,0.0
HEALTHCARE_COVERAGE_334924.78,0.0
HEALTHCARE_COVERAGE_335434.05,0.0
HEALTHCARE_COVERAGE_335867.21,0.0
HEALTHCARE_COVERAGE_335961.06,0.0
HEALTHCARE_COVERAGE_33631.61,0.0
HEALTHCARE_COVERAGE_336625.49,0.0
HEALTHCARE_COVERAGE_337100.08,0.0
HEALTHCARE_COVERAGE_3378423.71,0.0
HEALTHCARE_COVERAGE_33851.96,0.0
HEALTHCARE_COVERAGE_339.24,0.0
HEALTHCARE_COVERAGE_339650.81,0.0
HEALTHCARE_COVERAGE_3397875.76,0.0
HEALTHCARE_COVERAGE_339806.68,0.0
HEALTHCARE_COVERAGE_340342.14,0.0
HEALTHCARE_COVERAGE_340889.91,0.0
HEALTHCARE_COVERAGE_34104.90,0.0
HEALTHCARE_COVERAGE_341975.00,0.0
HEALTHCARE_COVERAGE_3422.34,0.0
HEALTHCARE_COVERAGE_3424.22,0.0
HEALTHCARE_COVERAGE_3430.49,0.0
HEALTHCARE_COVERAGE_343265.57,0.0
HEALTHCARE_COVERAGE_345338.75,0.0
HEALTHCARE_COVERAGE_346073.58,0.0
HEALTHCARE_COVERAGE_346789.67,0.0
HEALTHCARE_COVERAGE_347005.92,0.0
HEALTHCARE_COVERAGE_34717.07,0.0
HEALTHCARE_COVERAGE_34762.13,0.0
HEALTHCARE_COVERAGE_3483.64,0.0
HEALTHCARE_COVERAGE_348746.74,0.0
HEALTHCARE_COVERAGE_34896.44,0.0
HEALTHCARE_COVERAGE_349117.40,0.0
HEALTHCARE_COVERAGE_34958.14,0.0
HEALTHCARE_COVERAGE_349906.65,0.0
HEALTHCARE_COVERAGE_350867.62,0.0
HEALTHCARE_COVERAGE_35262.71,0.0
HEALTHCARE_COVERAGE_352655.05,0.0
HEALTHCARE_COVERAGE_352684.29,0.0
HEALTHCARE_COVERAGE_35292.19,0.0
HEALTHCARE_COVERAGE_352930.62,0.0
HEALTHCARE_COVERAGE_35349.04,0.0
HEALTHCARE_COVERAGE_35407.56,0.0
HEALTHCARE_COVERAGE_355164.47,0.0
HEALTHCARE_COVERAGE_356219.80,0.0
HEALTHCARE_COVERAGE_356258.36,0.0
HEALTHCARE_COVERAGE_35663.86,0.0
HEALTHCARE_COVERAGE_356983.26,0.0
HEALTHCARE_COVERAGE_357705.23,0.0
HEALTHCARE_COVERAGE_358542.27,0.0
HEALTHCARE_COVERAGE_359213.35,0.0
HEALTHCARE_COVERAGE_35934.02,0.0
HEALTHCARE_COVERAGE_3601.41,0.0
HEALTHCARE_COVERAGE_360607.41,0.0
HEALTHCARE_COVERAGE_360719.80,0.0
HEALTHCARE_COVERAGE_361714.00,0.0
HEALTHCARE_COVERAGE_36174.57,0.0
HEALTHCARE_COVERAGE_361771.36,0.0
HEALTHCARE_COVERAGE_362002.25,0.0
HEALTHCARE_COVERAGE_36262.03,0.0
HEALTHCARE_COVERAGE_362783.55,0.0
HEALTHCARE_COVERAGE_36365.20,0.0
HEALTHCARE_COVERAGE_36365.93,0.0
HEALTHCARE_COVERAGE_36458.56,0.0
HEALTHCARE_COVERAGE_364820.62,0.0
HEALTHCARE_COVERAGE_364943.85,0.0
HEALTHCARE_COVERAGE_365087.72,0.0
HEALTHCARE_COVERAGE_36570.05,0.0
HEALTHCARE_COVERAGE_365729.20,0.0
HEALTHCARE_COVERAGE_36602.66,0.0
HEALTHCARE_COVERAGE_3669.98,0.0
HEALTHCARE_COVERAGE_366973.80,0.0
HEALTHCARE_COVERAGE_36724.53,0.0
HEALTHCARE_COVERAGE_36933.33,0.0
HEALTHCARE_COVERAGE_36961.62,0.0
HEALTHCARE_COVERAGE_36989.77,0.0
HEALTHCARE_COVERAGE_371651.71,0.0
HEALTHCARE_COVERAGE_37271.44,0.0
HEALTHCARE_COVERAGE_374399.13,0.0
HEALTHCARE_COVERAGE_3745.70,0.0
HEALTHCARE_COVERAGE_374772.87,0.0
HEALTHCARE_COVERAGE_376282.09,0.0
HEALTHCARE_COVERAGE_376493.88,0.0
HEALTHCARE_COVERAGE_376730.81,0.0
HEALTHCARE_COVERAGE_376816.73,0.0
HEALTHCARE_COVERAGE_3777.69,0.0
HEALTHCARE_COVERAGE_37778.43,0.0
HEALTHCARE_COVERAGE_3799.53,0.0
HEALTHCARE_COVERAGE_381395.01,0.0
HEALTHCARE_COVERAGE_381833.99,0.0
HEALTHCARE_COVERAGE_3825.96,0.0
HEALTHCARE_COVERAGE_382675.19,0.0
HEALTHCARE_COVERAGE_383550.13,0.0
HEALTHCARE_COVERAGE_3842.59,0.0
HEALTHCARE_COVERAGE_38501.62,0.0
HEALTHCARE_COVERAGE_386535.15,0.0
HEALTHCARE_COVERAGE_386880.19,0.0
HEALTHCARE_COVERAGE_386883.92,0.0
HEALTHCARE_COVERAGE_38724.75,0.0
HEALTHCARE_COVERAGE_38737.43,0.0
HEALTHCARE_COVERAGE_387746.50,0.0
HEALTHCARE_COVERAGE_387802.89,0.0
HEALTHCARE_COVERAGE_388760.00,0.0
HEALTHCARE_COVERAGE_389553.51,0.0
HEALTHCARE_COVERAGE_39048.76,0.0
HEALTHCARE_COVERAGE_39071.54,0.0
HEALTHCARE_COVERAGE_391896.43,0.0
HEALTHCARE_COVERAGE_391991.11,0.0
HEALTHCARE_COVERAGE_39216.20,0.0
HEALTHCARE_COVERAGE_392682.15,0.0
HEALTHCARE_COVERAGE_393131.90,0.0
HEALTHCARE_COVERAGE_393589.73,0.0
HEALTHCARE_COVERAGE_3948.95,0.0
HEALTHCARE_COVERAGE_39547.19,0.0
HEALTHCARE_COVERAGE_395491.70,0.0
HEALTHCARE_COVERAGE_397027.98,0.0
HEALTHCARE_COVERAGE_397185.41,0.0
HEALTHCARE_COVERAGE_398130.61,0.0
HEALTHCARE_COVERAGE_39943.19,0.0
HEALTHCARE_COVERAGE_399524.66,0.0
HEALTHCARE_COVERAGE_399598.13,0.0
HEALTHCARE_COVERAGE_400646.53,0.0
HEALTHCARE_COVERAGE_40106.26,0.0
HEALTHCARE_COVERAGE_401405.55,0.0
HEALTHCARE_COVERAGE_4019.29,0.0
HEALTHCARE_COVERAGE_401991.77,0.0
HEALTHCARE_COVERAGE_402012.21,0.0
HEALTHCARE_COVERAGE_4026.42,0.0
HEALTHCARE_COVERAGE_40339.93,0.0
HEALTHCARE_COVERAGE_40347.96,0.0
HEALTHCARE_COVERAGE_40355.52,0.0
HEALTHCARE_COVERAGE_404510.53,0.0
HEALTHCARE_COVERAGE_404745.54,0.0
HEALTHCARE_COVERAGE_40496.02,0.0
HEALTHCARE_COVERAGE_40505.49,0.0
HEALTHCARE_COVERAGE_406465.33,0.0
HEALTHCARE_COVERAGE_407017.79,0.0
HEALTHCARE_COVERAGE_407208.03,0.0
HEALTHCARE_COVERAGE_40741.24,0.0
HEALTHCARE_COVERAGE_40909.49,0.0
HEALTHCARE_COVERAGE_40928.52,0.0
HEALTHCARE_COVERAGE_409630.43,0.0
HEALTHCARE_COVERAGE_410015.56,0.0
HEALTHCARE_COVERAGE_41369.79,0.0
HEALTHCARE_COVERAGE_414411.67,0.0
HEALTHCARE_COVERAGE_414679.53,0.0
HEALTHCARE_COVERAGE_414736.35,0.0
HEALTHCARE_COVERAGE_415573.10,0.0
HEALTHCARE_COVERAGE_4158.30,0.0
HEALTHCARE_COVERAGE_41583.92,0.0
HEALTHCARE_COVERAGE_41658.46,0.0
HEALTHCARE_COVERAGE_416670.48,0.0
HEALTHCARE_COVERAGE_41708.82,0.0
HEALTHCARE_COVERAGE_41742.03,0.0
HEALTHCARE_COVERAGE_417951.34,0.0
HEALTHCARE_COVERAGE_41807.25,0.0
HEALTHCARE_COVERAGE_418445.27,0.0
HEALTHCARE_COVERAGE_41876.80,0.0
HEALTHCARE_COVERAGE_419822.22,0.0
HEALTHCARE_COVERAGE_420453.27,0.0
HEALTHCARE_COVERAGE_4205.47,0.0
HEALTHCARE_COVERAGE_420654.58,0.0
HEALTHCARE_COVERAGE_420789.11,0.0
HEALTHCARE_COVERAGE_42087.12,0.0
HEALTHCARE_COVERAGE_42099.46,0.0
HEALTHCARE_COVERAGE_421417.08,0.0
HEALTHCARE_COVERAGE_42168.95,0.0
HEALTHCARE_COVERAGE_421915.69,0.0
HEALTHCARE_COVERAGE_422788.71,0.0
HEALTHCARE_COVERAGE_4238.15,0.0
HEALTHCARE_COVERAGE_424592.99,0.0
HEALTHCARE_COVERAGE_424804.52,0.0
HEALTHCARE_COVERAGE_425111.85,0.0
HEALTHCARE_COVERAGE_4253.18,0.0
HEALTHCARE_COVERAGE_425313.76,0.0
HEALTHCARE_COVERAGE_425533.56,0.0
HEALTHCARE_COVERAGE_4262.32,0.0
HEALTHCARE_COVERAGE_427338.14,0.0
HEALTHCARE_COVERAGE_428360.30,0.0
HEALTHCARE_COVERAGE_42843.37,0.0
HEALTHCARE_COVERAGE_428595.54,0.0
HEALTHCARE_COVERAGE_428864.15,0.0
HEALTHCARE_COVERAGE_429762.55,0.0
HEALTHCARE_COVERAGE_429885.29,0.0
HEALTHCARE_COVERAGE_4324.43,0.0
HEALTHCARE_COVERAGE_433381.31,0.0
HEALTHCARE_COVERAGE_433964.42,0.0
HEALTHCARE_COVERAGE_43404.71,0.0
HEALTHCARE_COVERAGE_434335.23,0.0
HEALTHCARE_COVERAGE_436888.40,0.0
HEALTHCARE_COVERAGE_43805.98,0.0
HEALTHCARE_COVERAGE_439653.76,0.0
HEALTHCARE_COVERAGE_4408.81,0.0
HEALTHCARE_COVERAGE_440837.99,0.0
HEALTHCARE_COVERAGE_441362.68,0.0
HEALTHCARE_COVERAGE_441604.18,0.0
HEALTHCARE_COVERAGE_442075.57,0.0
HEALTHCARE_COVERAGE_44210.26,0.0
HEALTHCARE_COVERAGE_443.73,0.0
HEALTHCARE_COVERAGE_4436.13,0.0
HEALTHCARE_COVERAGE_443963.54,0.0
HEALTHCARE_COVERAGE_444349.20,0.0
HEALTHCARE_COVERAGE_444761.80,0.0
HEALTHCARE_COVERAGE_445249.44,0.0
HEALTHCARE_COVERAGE_4453.73,0.0
HEALTHCARE_COVERAGE_44837.49,0.0
HEALTHCARE_COVERAGE_4497.49,0.0
HEALTHCARE_COVERAGE_450.82,0.0
HEALTHCARE_COVERAGE_450188.97,0.0
HEALTHCARE_COVERAGE_450271.61,0.0
HEALTHCARE_COVERAGE_451110.48,0.0
HEALTHCARE_COVERAGE_452405.40,0.0
HEALTHCARE_COVERAGE_452865.77,0.0
HEALTHCARE_COVERAGE_453.68,0.0
HEALTHCARE_COVERAGE_45429.18,0.0
HEALTHCARE_COVERAGE_45580.17,0.0
HEALTHCARE_COVERAGE_456826.11,0.0
HEALTHCARE_COVERAGE_45729.93,0.0
HEALTHCARE_COVERAGE_45796.75,0.0
HEALTHCARE_COVERAGE_458576.30,0.0
HEALTHCARE_COVERAGE_459091.85,0.0
HEALTHCARE_COVERAGE_45940.21,0.0
HEALTHCARE_COVERAGE_4596.52,0.0
HEALTHCARE_COVERAGE_461414.92,0.0
HEALTHCARE_COVERAGE_461624.30,0.0
HEALTHCARE_COVERAGE_46172.97,0.0
HEALTHCARE_COVERAGE_462185.81,0.0
HEALTHCARE_COVERAGE_46258.16,0.0
HEALTHCARE_COVERAGE_463.83,0.0
HEALTHCARE_COVERAGE_46302.59,0.0
HEALTHCARE_COVERAGE_46334.95,0.0
HEALTHCARE_COVERAGE_46568.81,0.0
HEALTHCARE_COVERAGE_46606.63,0.0
HEALTHCARE_COVERAGE_467129.22,0.0
HEALTHCARE_COVERAGE_467499.15,0.0
HEALTHCARE_COVERAGE_467690.81,0.0
HEALTHCARE_COVERAGE_471342.51,0.0
HEALTHCARE_COVERAGE_471545.61,0.0
HEALTHCARE_COVERAGE_472347.05,0.0
HEALTHCARE_COVERAGE_472766.67,0.0
HEALTHCARE_COVERAGE_472912.26,0.0
HEALTHCARE_COVERAGE_47306.16,0.0
HEALTHCARE_COVERAGE_473273.40,0.0
HEALTHCARE_COVERAGE_47356.63,0.0
HEALTHCARE_COVERAGE_474789.64,0.0
HEALTHCARE_COVERAGE_47572.37,0.0
HEALTHCARE_COVERAGE_476774.57,0.0
HEALTHCARE_COVERAGE_478543.64,0.0
HEALTHCARE_COVERAGE_479503.33,0.0
HEALTHCARE_COVERAGE_48021.86,0.0
HEALTHCARE_COVERAGE_48034.29,0.0
HEALTHCARE_COVERAGE_48035.44,0.0
HEALTHCARE_COVERAGE_482.50,0.0
HEALTHCARE_COVERAGE_482426.90,0.0
HEALTHCARE_COVERAGE_482433.86,0.0
HEALTHCARE_COVERAGE_483014.04,0.0
HEALTHCARE_COVERAGE_483068.84,0.0
HEALTHCARE_COVERAGE_48357.87,0.0
HEALTHCARE_COVERAGE_483735.64,0.0
HEALTHCARE_COVERAGE_48410.61,0.0
HEALTHCARE_COVERAGE_484578.83,0.0
HEALTHCARE_COVERAGE_48494.80,0.0
HEALTHCARE_COVERAGE_485737.91,0.0
HEALTHCARE_COVERAGE_486287.17,0.0
HEALTHCARE_COVERAGE_486293.12,0.0
HEALTHCARE_COVERAGE_4865.39,0.0
HEALTHCARE_COVERAGE_486531.33,0.0
HEALTHCARE_COVERAGE_486736.50,0.0
HEALTHCARE_COVERAGE_48713.34,0.0
HEALTHCARE_COVERAGE_4878.23,0.0
HEALTHCARE_COVERAGE_48947.82,0.0
HEALTHCARE_COVERAGE_49083.37,0.0
HEALTHCARE_COVERAGE_491610.21,0.0
HEALTHCARE_COVERAGE_4920.05,0.0
HEALTHCARE_COVERAGE_492329.05,0.0
HEALTHCARE_COVERAGE_49272.04,0.0
HEALTHCARE_COVERAGE_492813.32,0.0
HEALTHCARE_COVERAGE_49392.74,0.0
HEALTHCARE_COVERAGE_49419.76,0.0
HEALTHCARE_COVERAGE_49429.62,0.0
HEALTHCARE_COVERAGE_494466.35,0.0
HEALTHCARE_COVERAGE_495164.36,0.0
HEALTHCARE_COVERAGE_4959.87,0.0
HEALTHCARE_COVERAGE_49668.13,0.0
HEALTHCARE_COVERAGE_49837.78,0.0
HEALTHCARE_COVERAGE_498511.63,0.0
HEALTHCARE_COVERAGE_49921.22,0.0
HEALTHCARE_COVERAGE_499239.04,0.0
HEALTHCARE_COVERAGE_500550.28,0.0
HEALTHCARE_COVERAGE_5029.45,0.0
HEALTHCARE_COVERAGE_503064.37,0.0
HEALTHCARE_COVERAGE_50418.94,0.0
HEALTHCARE_COVERAGE_5049.99,0.0
HEALTHCARE_COVERAGE_505294.03,0.0
HEALTHCARE_COVERAGE_505649.99,0.0
HEALTHCARE_COVERAGE_505733.57,0.0
HEALTHCARE_COVERAGE_50708.85,0.0
HEALTHCARE_COVERAGE_507200.65,0.0
HEALTHCARE_COVERAGE_50808.83,0.0
HEALTHCARE_COVERAGE_508712.20,0.0
HEALTHCARE_COVERAGE_5090.54,0.0
HEALTHCARE_COVERAGE_509355.02,0.0
HEALTHCARE_COVERAGE_50948.11,0.0
HEALTHCARE_COVERAGE_509885.91,0.0
HEALTHCARE_COVERAGE_510577.31,0.0
HEALTHCARE_COVERAGE_510776.61,0.0
HEALTHCARE_COVERAGE_511991.87,0.0
HEALTHCARE_COVERAGE_51244.76,0.0
HEALTHCARE_COVERAGE_514374.35,0.0
HEALTHCARE_COVERAGE_514707.74,0.0
HEALTHCARE_COVERAGE_51530.38,0.0
HEALTHCARE_COVERAGE_515759.52,0.0
HEALTHCARE_COVERAGE_51736.52,0.0
HEALTHCARE_COVERAGE_518501.08,0.0
HEALTHCARE_COVERAGE_5186.78,0.0
HEALTHCARE_COVERAGE_51861.49,0.0
HEALTHCARE_COVERAGE_51876.26,0.0
HEALTHCARE_COVERAGE_51880.01,0.0
HEALTHCARE_COVERAGE_519026.63,0.0
HEALTHCARE_COVERAGE_519514.00,0.0
HEALTHCARE_COVERAGE_52.82,0.0
HEALTHCARE_COVERAGE_520.88,0.0
HEALTHCARE_COVERAGE_52110.75,0.0
HEALTHCARE_COVERAGE_521753.04,0.0
HEALTHCARE_COVERAGE_522023.03,0.0
HEALTHCARE_COVERAGE_52421.54,0.0
HEALTHCARE_COVERAGE_52536.86,0.0
HEALTHCARE_COVERAGE_526003.92,0.0
HEALTHCARE_COVERAGE_5279.80,0.0
HEALTHCARE_COVERAGE_529400.03,0.0
HEALTHCARE_COVERAGE_530592.43,0.0
HEALTHCARE_COVERAGE_530626.23,0.0
HEALTHCARE_COVERAGE_530696.18,0.0
HEALTHCARE_COVERAGE_530922.34,0.0
HEALTHCARE_COVERAGE_530965.47,0.0
HEALTHCARE_COVERAGE_531358.04,0.0
HEALTHCARE_COVERAGE_53188.47,0.0
HEALTHCARE_COVERAGE_531991.37,0.0
HEALTHCARE_COVERAGE_532121.43,0.0
HEALTHCARE_COVERAGE_53427.81,0.0
HEALTHCARE_COVERAGE_53535.74,0.0
HEALTHCARE_COVERAGE_53591.50,0.0
HEALTHCARE_COVERAGE_53608.14,0.0
HEALTHCARE_COVERAGE_53648.55,0.0
HEALTHCARE_COVERAGE_537526.60,0.0
HEALTHCARE_COVERAGE_5388.91,0.0
HEALTHCARE_COVERAGE_539178.64,0.0
HEALTHCARE_COVERAGE_53982.76,0.0
HEALTHCARE_COVERAGE_54047.88,0.0
HEALTHCARE_COVERAGE_540974.12,0.0
HEALTHCARE_COVERAGE_541270.59,0.0
HEALTHCARE_COVERAGE_541301.46,0.0
HEALTHCARE_COVERAGE_541574.34,0.0
HEALTHCARE_COVERAGE_542264.11,0.0
HEALTHCARE_COVERAGE_542855.48,0.0
HEALTHCARE_COVERAGE_54286.58,0.0
HEALTHCARE_COVERAGE_542866.88,0.0
HEALTHCARE_COVERAGE_5432.46,0.0
HEALTHCARE_COVERAGE_54534.41,0.0
HEALTHCARE_COVERAGE_5457.99,0.0
HEALTHCARE_COVERAGE_54674.20,0.0
HEALTHCARE_COVERAGE_547138.45,0.0
HEALTHCARE_COVERAGE_548248.51,0.0
HEALTHCARE_COVERAGE_549099.52,0.0
HEALTHCARE_COVERAGE_55021.80,0.0
HEALTHCARE_COVERAGE_55028.50,0.0
HEALTHCARE_COVERAGE_550526.06,0.0
HEALTHCARE_COVERAGE_55064.44,0.0
HEALTHCARE_COVERAGE_551647.74,0.0
HEALTHCARE_COVERAGE_552267.71,0.0
HEALTHCARE_COVERAGE_5535.53,0.0
HEALTHCARE_COVERAGE_553794.66,0.0
HEALTHCARE_COVERAGE_553913.72,0.0
HEALTHCARE_COVERAGE_554756.40,0.0
HEALTHCARE_COVERAGE_556145.86,0.0
HEALTHCARE_COVERAGE_5562.76,0.0
HEALTHCARE_COVERAGE_55719.50,0.0
HEALTHCARE_COVERAGE_557580.88,0.0
HEALTHCARE_COVERAGE_55776.38,0.0
HEALTHCARE_COVERAGE_55812.82,0.0
HEALTHCARE_COVERAGE_558153.04,0.0
HEALTHCARE_COVERAGE_558692.03,0.0
HEALTHCARE_COVERAGE_5588.02,0.0
HEALTHCARE_COVERAGE_559048.04,0.0
HEALTHCARE_COVERAGE_559142.93,0.0
HEALTHCARE_COVERAGE_559232.55,0.0
HEALTHCARE_COVERAGE_559343.30,0.0
HEALTHCARE_COVERAGE_55938.68,0.0
HEALTHCARE_COVERAGE_560708.86,0.0
HEALTHCARE_COVERAGE_560733.99,0.0
HEALTHCARE_COVERAGE_5620.08,0.0
HEALTHCARE_COVERAGE_563143.71,0.0
HEALTHCARE_COVERAGE_563645.03,0.0
HEALTHCARE_COVERAGE_564113.99,0.0
HEALTHCARE_COVERAGE_56440.86,0.0
HEALTHCARE_COVERAGE_564592.59,0.0
HEALTHCARE_COVERAGE_567660.66,0.0
HEALTHCARE_COVERAGE_567824.76,0.0
HEALTHCARE_COVERAGE_568470.67,0.0
HEALTHCARE_COVERAGE_568575.09,0.0
HEALTHCARE_COVERAGE_56955.16,0.0
HEALTHCARE_COVERAGE_570091.05,0.0
HEALTHCARE_COVERAGE_57195.28,0.0
HEALTHCARE_COVERAGE_572177.04,0.0
HEALTHCARE_COVERAGE_572818.17,0.0
HEALTHCARE_COVERAGE_574043.80,0.0
HEALTHCARE_COVERAGE_574056.00,0.0
HEALTHCARE_COVERAGE_57536.53,0.0
HEALTHCARE_COVERAGE_5754.31,0.0
HEALTHCARE_COVERAGE_575433.88,0.0
HEALTHCARE_COVERAGE_575966.47,0.0
HEALTHCARE_COVERAGE_577056.99,0.0
HEALTHCARE_COVERAGE_578776.07,0.0
HEALTHCARE_COVERAGE_578891.11,0.0
HEALTHCARE_COVERAGE_57922.41,0.0
HEALTHCARE_COVERAGE_580296.76,0.0
HEALTHCARE_COVERAGE_581729.41,0.0
HEALTHCARE_COVERAGE_581778.46,0.0
HEALTHCARE_COVERAGE_582909.10,0.0
HEALTHCARE_COVERAGE_583009.25,0.0
HEALTHCARE_COVERAGE_583134.32,0.0
HEALTHCARE_COVERAGE_583833.13,0.0
HEALTHCARE_COVERAGE_584447.50,0.0
HEALTHCARE_COVERAGE_584679.12,0.0
HEALTHCARE_COVERAGE_584737.72,0.0
HEALTHCARE_COVERAGE_58480.18,0.0
HEALTHCARE_COVERAGE_585244.86,0.0
HEALTHCARE_COVERAGE_586817.77,0.0
HEALTHCARE_COVERAGE_587184.30,0.0
HEALTHCARE_COVERAGE_58854.19,0.0
HEALTHCARE_COVERAGE_589358.15,0.0
HEALTHCARE_COVERAGE_58972.16,0.0
HEALTHCARE_COVERAGE_591334.06,0.0
HEALTHCARE_COVERAGE_5915.88,0.0
HEALTHCARE_COVERAGE_593216.54,0.0
HEALTHCARE_COVERAGE_59348.75,0.0
HEALTHCARE_COVERAGE_594183.32,0.0
HEALTHCARE_COVERAGE_5958.61,0.0
HEALTHCARE_COVERAGE_595954.76,0.0
HEALTHCARE_COVERAGE_596364.23,0.0
HEALTHCARE_COVERAGE_596376.04,0.0
HEALTHCARE_COVERAGE_597011.87,0.0
HEALTHCARE_COVERAGE_5987.16,0.0
HEALTHCARE_COVERAGE_599427.60,0.0
HEALTHCARE_COVERAGE_600013.08,0.0
HEALTHCARE_COVERAGE_600136.63,0.0
HEALTHCARE_COVERAGE_600239.08,0.0
HEALTHCARE_COVERAGE_601557.20,0.0
HEALTHCARE_COVERAGE_60175.78,0.0
HEALTHCARE_COVERAGE_601753.84,0.0
HEALTHCARE_COVERAGE_6018.45,0.0
HEALTHCARE_COVERAGE_6021.74,0.0
HEALTHCARE_COVERAGE_602305.50,0.0
HEALTHCARE_COVERAGE_603418.59,0.0
HEALTHCARE_COVERAGE_603744.59,0.0
HEALTHCARE_COVERAGE_603867.91,0.0
HEALTHCARE_COVERAGE_604.20,0.0
HEALTHCARE_COVERAGE_605006.91,0.0
HEALTHCARE_COVERAGE_605636.25,0.0
HEALTHCARE_COVERAGE_606152.08,0.0
HEALTHCARE_COVERAGE_60639.51,0.0
HEALTHCARE_COVERAGE_606473.17,0.0
HEALTHCARE_COVERAGE_606858.59,0.0
HEALTHCARE_COVERAGE_607269.82,0.0
HEALTHCARE_COVERAGE_608641.37,0.0
HEALTHCARE_COVERAGE_608834.18,0.0
HEALTHCARE_COVERAGE_6098.91,0.0
HEALTHCARE_COVERAGE_611718.46,0.0
HEALTHCARE_COVERAGE_612002.01,0.0
HEALTHCARE_COVERAGE_612426.03,0.0
HEALTHCARE_COVERAGE_612469.73,0.0
HEALTHCARE_COVERAGE_613160.25,0.0
HEALTHCARE_COVERAGE_613272.64,0.0
HEALTHCARE_COVERAGE_614186.37,0.0
HEALTHCARE_COVERAGE_615777.32,0.0
HEALTHCARE_COVERAGE_6163.76,0.0
HEALTHCARE_COVERAGE_616711.58,0.0
HEALTHCARE_COVERAGE_617711.37,0.0
HEALTHCARE_COVERAGE_61792.18,0.0
HEALTHCARE_COVERAGE_619217.66,0.0
HEALTHCARE_COVERAGE_621669.32,0.0
HEALTHCARE_COVERAGE_6219.93,0.0
HEALTHCARE_COVERAGE_622067.37,0.0
HEALTHCARE_COVERAGE_622205.86,0.0
HEALTHCARE_COVERAGE_622501.68,0.0
HEALTHCARE_COVERAGE_622541.10,0.0
HEALTHCARE_COVERAGE_6240.09,0.0
HEALTHCARE_COVERAGE_62505.75,0.0
HEALTHCARE_COVERAGE_62636.91,0.0
HEALTHCARE_COVERAGE_62651.26,0.0
HEALTHCARE_COVERAGE_626990.03,0.0
HEALTHCARE_COVERAGE_627006.21,0.0
HEALTHCARE_COVERAGE_6279.57,0.0
HEALTHCARE_COVERAGE_629752.21,0.0
HEALTHCARE_COVERAGE_630936.43,0.0
HEALTHCARE_COVERAGE_631569.89,0.0
HEALTHCARE_COVERAGE_6320.00,0.0
HEALTHCARE_COVERAGE_632202.33,0.0
HEALTHCARE_COVERAGE_632719.76,0.0
HEALTHCARE_COVERAGE_632777.20,0.0
HEALTHCARE_COVERAGE_633078.99,0.0
HEALTHCARE_COVERAGE_633483.75,0.0
HEALTHCARE_COVERAGE_6340.64,0.0
HEALTHCARE_COVERAGE_63402.58,0.0
HEALTHCARE_COVERAGE_634264.27,0.0
HEALTHCARE_COVERAGE_63429.25,0.0
HEALTHCARE_COVERAGE_6345.24,0.0
HEALTHCARE_COVERAGE_634612.00,0.0
HEALTHCARE_COVERAGE_6349.49,0.0
HEALTHCARE_COVERAGE_635796.51,0.0
HEALTHCARE_COVERAGE_635841.50,0.0
HEALTHCARE_COVERAGE_636403.70,0.0
HEALTHCARE_COVERAGE_6368.61,0.0
HEALTHCARE_COVERAGE_6368.73,0.0
HEALTHCARE_COVERAGE_638177.77,0.0
HEALTHCARE_COVERAGE_63913.81,0.0
HEALTHCARE_COVERAGE_64043.07,0.0
HEALTHCARE_COVERAGE_64176.50,0.0
HEALTHCARE_COVERAGE_643051.64,0.0
HEALTHCARE_COVERAGE_644318.41,0.0
HEALTHCARE_COVERAGE_644615.98,0.0
HEALTHCARE_COVERAGE_646353.78,0.0
HEALTHCARE_COVERAGE_64724.40,0.0
HEALTHCARE_COVERAGE_647390.27,0.0
HEALTHCARE_COVERAGE_6481.57,0.0
HEALTHCARE_COVERAGE_649443.60,0.0
HEALTHCARE_COVERAGE_65133.01,0.0
HEALTHCARE_COVERAGE_65220.79,0.0
HEALTHCARE_COVERAGE_6528.54,0.0
HEALTHCARE_COVERAGE_653091.45,0.0
HEALTHCARE_COVERAGE_65319.00,0.0
HEALTHCARE_COVERAGE_65490.82,0.0
HEALTHCARE_COVERAGE_65505.50,0.0
HEALTHCARE_COVERAGE_656102.02,0.0
HEALTHCARE_COVERAGE_656623.04,0.0
HEALTHCARE_COVERAGE_657117.35,0.0
HEALTHCARE_COVERAGE_657622.00,0.0
HEALTHCARE_COVERAGE_65779.28,0.0
HEALTHCARE_COVERAGE_658072.14,0.0
HEALTHCARE_COVERAGE_658174.22,0.0
HEALTHCARE_COVERAGE_658643.97,0.0
HEALTHCARE_COVERAGE_6588.78,0.0
HEALTHCARE_COVERAGE_659010.67,0.0
HEALTHCARE_COVERAGE_65965.56,0.0
HEALTHCARE_COVERAGE_66125.84,0.0
HEALTHCARE_COVERAGE_663875.71,0.0
HEALTHCARE_COVERAGE_66564.75,0.0
HEALTHCARE_COVERAGE_66620.51,0.0
HEALTHCARE_COVERAGE_666579.92,0.0
HEALTHCARE_COVERAGE_666637.64,0.0
HEALTHCARE_COVERAGE_668240.30,0.0
HEALTHCARE_COVERAGE_66956.54,0.0
HEALTHCARE_COVERAGE_66993.02,0.0
HEALTHCARE_COVERAGE_67023.13,0.0
HEALTHCARE_COVERAGE_67034.95,0.0
HEALTHCARE_COVERAGE_67052.30,0.0
HEALTHCARE_COVERAGE_6707.72,0.0
HEALTHCARE_COVERAGE_672115.84,0.0
HEALTHCARE_COVERAGE_672350.51,0.0
HEALTHCARE_COVERAGE_672438.49,0.0
HEALTHCARE_COVERAGE_673079.43,0.0
HEALTHCARE_COVERAGE_673216.47,0.0
HEALTHCARE_COVERAGE_674152.50,0.0
HEALTHCARE_COVERAGE_674432.64,0.0
HEALTHCARE_COVERAGE_674912.72,0.0
HEALTHCARE_COVERAGE_675000.22,0.0
HEALTHCARE_COVERAGE_677079.54,0.0
HEALTHCARE_COVERAGE_677247.75,0.0
HEALTHCARE_COVERAGE_6773.00,0.0
HEALTHCARE_COVERAGE_6773.48,0.0
HEALTHCARE_COVERAGE_6776.63,0.0
HEALTHCARE_COVERAGE_677626.33,0.0
HEALTHCARE_COVERAGE_6779.86,0.0
HEALTHCARE_COVERAGE_679014.14,0.0
HEALTHCARE_COVERAGE_679389.29,0.0
HEALTHCARE_COVERAGE_680018.51,0.0
HEALTHCARE_COVERAGE_680701.55,0.0
HEALTHCARE_COVERAGE_680744.50,0.0
HEALTHCARE_COVERAGE_680943.33,0.0
HEALTHCARE_COVERAGE_681083.98,0.0
HEALTHCARE_COVERAGE_681695.84,0.0
HEALTHCARE_COVERAGE_683284.61,0.0
HEALTHCARE_COVERAGE_6833.08,0.0
HEALTHCARE_COVERAGE_684304.97,0.0
HEALTHCARE_COVERAGE_68598.61,0.0
HEALTHCARE_COVERAGE_686102.11,0.0
HEALTHCARE_COVERAGE_686735.00,0.0
HEALTHCARE_COVERAGE_68767.59,0.0
HEALTHCARE_COVERAGE_68818.49,0.0
HEALTHCARE_COVERAGE_688941.56,0.0
HEALTHCARE_COVERAGE_689668.43,0.0
HEALTHCARE_COVERAGE_689857.10,0.0
HEALTHCARE_COVERAGE_69.05,0.0
HEALTHCARE_COVERAGE_690691.60,0.0
HEALTHCARE_COVERAGE_690954.03,0.0
HEALTHCARE_COVERAGE_69179.63,0.0
HEALTHCARE_COVERAGE_692239.06,0.0
HEALTHCARE_COVERAGE_6923.50,0.0
HEALTHCARE_COVERAGE_692923.31,0.0
HEALTHCARE_COVERAGE_693546.59,0.0
HEALTHCARE_COVERAGE_694736.73,0.0
HEALTHCARE_COVERAGE_696858.25,0.0
HEALTHCARE_COVERAGE_697042.89,0.0
HEALTHCARE_COVERAGE_698279.90,0.0
HEALTHCARE_COVERAGE_698366.65,0.0
HEALTHCARE_COVERAGE_698380.76,0.0
HEALTHCARE_COVERAGE_699058.13,0.0
HEALTHCARE_COVERAGE_699356.33,0.0
HEALTHCARE_COVERAGE_70051.92,0.0
HEALTHCARE_COVERAGE_701654.26,0.0
HEALTHCARE_COVERAGE_702613.48,0.0
HEALTHCARE_COVERAGE_70285.85,0.0
HEALTHCARE_COVERAGE_7033.66,0.0
HEALTHCARE_COVERAGE_70394.48,0.0
HEALTHCARE_COVERAGE_705478.68,0.0
HEALTHCARE_COVERAGE_705763.02,0.0
HEALTHCARE_COVERAGE_7076.94,0.0
HEALTHCARE_COVERAGE_70796.48,0.0
HEALTHCARE_COVERAGE_708.08,0.0
HEALTHCARE_COVERAGE_71060.98,0.0
HEALTHCARE_COVERAGE_711457.37,0.0
HEALTHCARE_COVERAGE_711724.76,0.0
HEALTHCARE_COVERAGE_712245.10,0.0
HEALTHCARE_COVERAGE_71366.48,0.0
HEALTHCARE_COVERAGE_7145.67,0.0
HEALTHCARE_COVERAGE_715518.13,0.0
HEALTHCARE_COVERAGE_71552.12,0.0
HEALTHCARE_COVERAGE_717505.11,0.0
HEALTHCARE_COVERAGE_718.23,0.0
HEALTHCARE_COVERAGE_718452.54,0.0
HEALTHCARE_COVERAGE_718538.03,0.0
HEALTHCARE_COVERAGE_71927.78,0.0
HEALTHCARE_COVERAGE_72080.12,0.0
HEALTHCARE_COVERAGE_72080.41,0.0
HEALTHCARE_COVERAGE_722365.03,0.0
HEALTHCARE_COVERAGE_723396.79,0.0
HEALTHCARE_COVERAGE_72610.41,0.0
HEALTHCARE_COVERAGE_72624.04,0.0
HEALTHCARE_COVERAGE_727499.65,0.0
HEALTHCARE_COVERAGE_727701.21,0.0
HEALTHCARE_COVERAGE_727996.61,0.0
HEALTHCARE_COVERAGE_728471.39,0.0
HEALTHCARE_COVERAGE_728905.14,0.0
HEALTHCARE_COVERAGE_73249.69,0.0
HEALTHCARE_COVERAGE_735564.40,0.0
HEALTHCARE_COVERAGE_736039.07,0.0
HEALTHCARE_COVERAGE_7362.99,0.0
HEALTHCARE_COVERAGE_73718.30,0.0
HEALTHCARE_COVERAGE_738175.08,0.0
HEALTHCARE_COVERAGE_73852.90,0.0
HEALTHCARE_COVERAGE_739347.26,0.0
HEALTHCARE_COVERAGE_740913.17,0.0
HEALTHCARE_COVERAGE_741343.73,0.0
HEALTHCARE_COVERAGE_741371.59,0.0
HEALTHCARE_COVERAGE_7419.51,0.0
HEALTHCARE_COVERAGE_742525.95,0.0
HEALTHCARE_COVERAGE_74309.92,0.0
HEALTHCARE_COVERAGE_7444.80,0.0
HEALTHCARE_COVERAGE_745.58,0.0
HEALTHCARE_COVERAGE_745513.28,0.0
HEALTHCARE_COVERAGE_745818.66,0.0
HEALTHCARE_COVERAGE_747409.96,0.0
HEALTHCARE_COVERAGE_747592.67,0.0
HEALTHCARE_COVERAGE_747782.51,0.0
HEALTHCARE_COVERAGE_748704.32,0.0
HEALTHCARE_COVERAGE_749367.41,0.0
HEALTHCARE_COVERAGE_749575.32,0.0
HEALTHCARE_COVERAGE_750945.89,0.0
HEALTHCARE_COVERAGE_751620.20,0.0
HEALTHCARE_COVERAGE_752895.77,0.0
HEALTHCARE_COVERAGE_75438.54,0.0
HEALTHCARE_COVERAGE_75567.83,0.0
HEALTHCARE_COVERAGE_761203.99,0.0
HEALTHCARE_COVERAGE_762383.43,0.0
HEALTHCARE_COVERAGE_7627.39,0.0
HEALTHCARE_COVERAGE_76297.42,0.0
HEALTHCARE_COVERAGE_764283.36,0.0
HEALTHCARE_COVERAGE_7655.79,0.0
HEALTHCARE_COVERAGE_7659.92,0.0
HEALTHCARE_COVERAGE_766636.66,0.0
HEALTHCARE_COVERAGE_76719.54,0.0
HEALTHCARE_COVERAGE_76730.02,0.0
HEALTHCARE_COVERAGE_767410.96,0.0
HEALTHCARE_COVERAGE_7678.32,0.0
HEALTHCARE_COVERAGE_7693.41,0.0
HEALTHCARE_COVERAGE_769384.78,0.0
HEALTHCARE_COVERAGE_770722.66,0.0
HEALTHCARE_COVERAGE_773446.06,0.0
HEALTHCARE_COVERAGE_77345.22,0.0
HEALTHCARE_COVERAGE_77347.10,0.0
HEALTHCARE_COVERAGE_774948.85,0.0
HEALTHCARE_COVERAGE_77500.32,0.0
HEALTHCARE_COVERAGE_775126.61,0.0
HEALTHCARE_COVERAGE_7761.20,0.0
HEALTHCARE_COVERAGE_77674.65,0.0
HEALTHCARE_COVERAGE_77819.47,0.0
HEALTHCARE_COVERAGE_77831.11,0.0
HEALTHCARE_COVERAGE_7801.61,0.0
HEALTHCARE_COVERAGE_780313.37,0.0
HEALTHCARE_COVERAGE_78082.44,0.0
HEALTHCARE_COVERAGE_78094.24,0.0
HEALTHCARE_COVERAGE_782722.15,0.0
HEALTHCARE_COVERAGE_782974.26,0.0
HEALTHCARE_COVERAGE_783566.19,0.0
HEALTHCARE_COVERAGE_7840.06,0.0
HEALTHCARE_COVERAGE_784853.55,0.0
HEALTHCARE_COVERAGE_785997.35,0.0
HEALTHCARE_COVERAGE_788972.03,0.0
HEALTHCARE_COVERAGE_789272.17,0.0
HEALTHCARE_COVERAGE_7897.04,0.0
HEALTHCARE_COVERAGE_79.26,0.0
HEALTHCARE_COVERAGE_7934.94,0.0
HEALTHCARE_COVERAGE_795216.77,0.0
HEALTHCARE_COVERAGE_796.84,0.0
HEALTHCARE_COVERAGE_798347.35,0.0
HEALTHCARE_COVERAGE_79973.07,0.0
HEALTHCARE_COVERAGE_799896.28,0.0
HEALTHCARE_COVERAGE_801456.46,0.0
HEALTHCARE_COVERAGE_80154.27,0.0
HEALTHCARE_COVERAGE_801738.81,0.0
HEALTHCARE_COVERAGE_80197.35,0.0
HEALTHCARE_COVERAGE_8028.09,0.0
HEALTHCARE_COVERAGE_802884.50,0.0
HEALTHCARE_COVERAGE_804177.15,0.0
HEALTHCARE_COVERAGE_805349.52,0.0
HEALTHCARE_COVERAGE_805375.54,0.0
HEALTHCARE_COVERAGE_80554.92,0.0
HEALTHCARE_COVERAGE_806044.14,0.0
HEALTHCARE_COVERAGE_807268.35,0.0
HEALTHCARE_COVERAGE_80807.98,0.0
HEALTHCARE_COVERAGE_809623.92,0.0
HEALTHCARE_COVERAGE_80966.72,0.0
HEALTHCARE_COVERAGE_810.54,0.0
HEALTHCARE_COVERAGE_81038.17,0.0
HEALTHCARE_COVERAGE_81128.91,0.0
HEALTHCARE_COVERAGE_811792.37,0.0
HEALTHCARE_COVERAGE_81206.94,0.0
HEALTHCARE_COVERAGE_812587.11,0.0
HEALTHCARE_COVERAGE_813022.56,0.0
HEALTHCARE_COVERAGE_8136.81,0.0
HEALTHCARE_COVERAGE_81401.78,0.0
HEALTHCARE_COVERAGE_81783.99,0.0
HEALTHCARE_COVERAGE_8205.02,0.0
HEALTHCARE_COVERAGE_82081.54,0.0
HEALTHCARE_COVERAGE_822193.22,0.0
HEALTHCARE_COVERAGE_823185.99,0.0
HEALTHCARE_COVERAGE_823537.14,0.0
HEALTHCARE_COVERAGE_823895.97,0.0
HEALTHCARE_COVERAGE_8240.67,0.0
HEALTHCARE_COVERAGE_826.32,0.0
HEALTHCARE_COVERAGE_826407.78,0.0
HEALTHCARE_COVERAGE_82779.75,0.0
HEALTHCARE_COVERAGE_828.65,0.0
HEALTHCARE_COVERAGE_828190.63,0.0
HEALTHCARE_COVERAGE_82990.72,0.0
HEALTHCARE_COVERAGE_832026.86,0.0
HEALTHCARE_COVERAGE_83230.02,0.0
HEALTHCARE_COVERAGE_833378.83,0.0
HEALTHCARE_COVERAGE_833695.41,0.0
HEALTHCARE_COVERAGE_834746.07,0.0
HEALTHCARE_COVERAGE_835490.16,0.0
HEALTHCARE_COVERAGE_83586.61,0.0
HEALTHCARE_COVERAGE_8368.60,0.0
HEALTHCARE_COVERAGE_8383.15,0.0
HEALTHCARE_COVERAGE_838926.64,0.0
HEALTHCARE_COVERAGE_839305.16,0.0
HEALTHCARE_COVERAGE_839740.67,0.0
HEALTHCARE_COVERAGE_840070.40,0.0
HEALTHCARE_COVERAGE_840975.96,0.0
HEALTHCARE_COVERAGE_842893.90,0.0
HEALTHCARE_COVERAGE_845291.66,0.0
HEALTHCARE_COVERAGE_845614.84,0.0
HEALTHCARE_COVERAGE_845927.81,0.0
HEALTHCARE_COVERAGE_8467.18,0.0
HEALTHCARE_COVERAGE_849733.36,0.0
HEALTHCARE_COVERAGE_850858.58,0.0
HEALTHCARE_COVERAGE_850985.92,0.0
HEALTHCARE_COVERAGE_851549.59,0.0
HEALTHCARE_COVERAGE_853533.37,0.0
HEALTHCARE_COVERAGE_854555.24,0.0
HEALTHCARE_COVERAGE_85600.25,0.0
HEALTHCARE_COVERAGE_85732.58,0.0
HEALTHCARE_COVERAGE_858055.29,0.0
HEALTHCARE_COVERAGE_859595.10,0.0
HEALTHCARE_COVERAGE_85997.44,0.0
HEALTHCARE_COVERAGE_860111.18,0.0
HEALTHCARE_COVERAGE_863201.74,0.0
HEALTHCARE_COVERAGE_86366.44,0.0
HEALTHCARE_COVERAGE_863668.72,0.0
HEALTHCARE_COVERAGE_863762.27,0.0
HEALTHCARE_COVERAGE_8661.35,0.0
HEALTHCARE_COVERAGE_866993.95,0.0
HEALTHCARE_COVERAGE_86852.87,0.0
HEALTHCARE_COVERAGE_869643.34,0.0
HEALTHCARE_COVERAGE_871.49,0.0
HEALTHCARE_COVERAGE_87136.43,0.0
HEALTHCARE_COVERAGE_87155.53,0.0
HEALTHCARE_COVERAGE_872627.59,0.0
HEALTHCARE_COVERAGE_873380.72,0.0
HEALTHCARE_COVERAGE_87441.00,0.0
HEALTHCARE_COVERAGE_875419.21,0.0
HEALTHCARE_COVERAGE_876165.69,0.0
HEALTHCARE_COVERAGE_8766.09,0.0
HEALTHCARE_COVERAGE_876861.23,0.0
HEALTHCARE_COVERAGE_877552.00,0.0
HEALTHCARE_COVERAGE_879583.02,0.0
HEALTHCARE_COVERAGE_88036.40,0.0
HEALTHCARE_COVERAGE_881835.82,0.0
HEALTHCARE_COVERAGE_883110.96,0.0
HEALTHCARE_COVERAGE_88314.03,0.0
HEALTHCARE_COVERAGE_884162.27,0.0
HEALTHCARE_COVERAGE_885776.92,0.0
HEALTHCARE_COVERAGE_887923.03,0.0
HEALTHCARE_COVERAGE_888112.32,0.0
HEALTHCARE_COVERAGE_88836.61,0.0
HEALTHCARE_COVERAGE_88955.30,0.0
HEALTHCARE_COVERAGE_8907.84,0.0
HEALTHCARE_COVERAGE_892.32,0.0
HEALTHCARE_COVERAGE_89210.97,0.0
HEALTHCARE_COVERAGE_892314.33,0.0
HEALTHCARE_COVERAGE_8935.24,0.0
HEALTHCARE_COVERAGE_89357.33,0.0
HEALTHCARE_COVERAGE_895146.26,0.0
HEALTHCARE_COVERAGE_89515.05,0.0
HEALTHCARE_COVERAGE_89664.58,0.0
HEALTHCARE_COVERAGE_89875.89,0.0
HEALTHCARE_COVERAGE_9012.81,0.0
HEALTHCARE_COVERAGE_901742.09,0.0
HEALTHCARE_COVERAGE_902910.32,0.0
HEALTHCARE_COVERAGE_90295.70,0.0
HEALTHCARE_COVERAGE_903102.27,0.0
HEALTHCARE_COVERAGE_9045.66,0.0
HEALTHCARE_COVERAGE_908106.22,0.0
HEALTHCARE_COVERAGE_909700.20,0.0
HEALTHCARE_COVERAGE_91039.92,0.0
HEALTHCARE_COVERAGE_91084.62,0.0
HEALTHCARE_COVERAGE_9114.03,0.0
HEALTHCARE_COVERAGE_913605.87,0.0
HEALTHCARE_COVERAGE_915568.82,0.0
HEALTHCARE_COVERAGE_915668.22,0.0
HEALTHCARE_COVERAGE_9161.30,0.0
HEALTHCARE_COVERAGE_91713.58,0.0
HEALTHCARE_COVERAGE_9198.82,0.0
HEALTHCARE_COVERAGE_921918.96,0.0
HEALTHCARE_COVERAGE_921969.77,0.0
HEALTHCARE_COVERAGE_92209.04,0.0
HEALTHCARE_COVERAGE_924396.80,0.0
HEALTHCARE_COVERAGE_9255.08,0.0
HEALTHCARE_COVERAGE_927921.17,0.0
HEALTHCARE_COVERAGE_9281.88,0.0
HEALTHCARE_COVERAGE_928334.69,0.0
HEALTHCARE_COVERAGE_92947.28,0.0
HEALTHCARE_COVERAGE_931694.50,0.0
HEALTHCARE_COVERAGE_935448.07,0.0
HEALTHCARE_COVERAGE_936545.96,0.0
HEALTHCARE_COVERAGE_9368.82,0.0
HEALTHCARE_COVERAGE_9412.43,0.0
HEALTHCARE_COVERAGE_94204.20,0.0
HEALTHCARE_COVERAGE_94347.07,0.0
HEALTHCARE_COVERAGE_9442.25,0.0
HEALTHCARE_COVERAGE_946077.97,0.0
HEALTHCARE_COVERAGE_94749.35,0.0
HEALTHCARE_COVERAGE_95000.88,0.0
HEALTHCARE_COVERAGE_950123.15,0.0
HEALTHCARE_COVERAGE_950857.88,0.0
HEALTHCARE_COVERAGE_95344.59,0.0
HEALTHCARE_COVERAGE_9536.06,0.0
HEALTHCARE_COVERAGE_9547.34,0.0
HEALTHCARE_COVERAGE_95639.32,0.0
HEALTHCARE_COVERAGE_9568.68,0.0
HEALTHCARE_COVERAGE_95769.63,0.0
HEALTHCARE_COVERAGE_9579.88,0.0
HEALTHCARE_COVERAGE_962464.42,0.0
HEALTHCARE_COVERAGE_9659.04,0.0
HEALTHCARE_COVERAGE_969646.93,0.0
HEALTHCARE_COVERAGE_970208.34,0.0
HEALTHCARE_COVERAGE_970511.80,0.0
HEALTHCARE_COVERAGE_971813.19,0.0
HEALTHCARE_COVERAGE_972.29,0.0
HEALTHCARE_COVERAGE_97211.35,0.0
HEALTHCARE_COVERAGE_97381.50,0.0
HEALTHCARE_COVERAGE_974055.10,0.0
HEALTHCARE_COVERAGE_979472.50,0.0
HEALTHCARE_COVERAGE_981884.05,0.0
HEALTHCARE_COVERAGE_981995.84,0.0
HEALTHCARE_COVERAGE_983138.97,0.0
HEALTHCARE_COVERAGE_983174.63,0.0
HEALTHCARE_COVERAGE_985061.20,0.0
HEALTHCARE_COVERAGE_987941.93,0.0
HEALTHCARE_COVERAGE_99166.57,0.0
HEALTHCARE_COVERAGE_992312.06,0.0
HEALTHCARE_COVERAGE_993946.70,0.0
HEALTHCARE_COVERAGE_9943.43,0.0
HEALTHCARE_COVERAGE_99535.23,0.0
INCOME_100053,0.0
INCOME_100185,0.0
INCOME_100687,0.0
INCOME_100690,0.0
INCOME_101064,0.0
INCOME_10122,0.0
INCOME_101587,0.0
INCOME_101689,0.0
INCOME_101920,0.0
INCOME_101931,0.0
INCOME_102110,0.0
INCOME_10224,0.0
INCOME_10229,0.0
INCOME_10258,0.0
INCOME_102814,0.0
INCOME_103124,0.0
INCOME_103126,0.0
INCOME_103151,0.0
INCOME_103171,0.0
INCOME_103478,0.0
INCOME_103571,0.0
INCOME_10362,0.0
INCOME_104121,0.0
INCOME_104517,0.0
INCOME_10473,0.0
INCOME_104779,0.0
INCOME_1048,0.0
INCOME_104881,0.0
INCOME_105219,0.0
INCOME_105459,0.0
INCOME_105648,0.0
INCOME_105766,0.0
INCOME_105837,0.0
INCOME_105948,0.0
INCOME_10609,0.0
INCOME_106221,0.0
INCOME_10626,0.0
INCOME_106354,0.0
INCOME_106429,0.0
INCOME_106480,0.0
INCOME_106552,0.0
INCOME_10661,0.0
INCOME_106657,0.0
INCOME_10688,0.0
INCOME_10698,0.0
INCOME_107415,0.0
INCOME_107614,0.0
INCOME_10773,0.0
INCOME_107774,0.0
INCOME_108645,0.0
INCOME_108781,0.0
INCOME_109016,0.0
INCOME_109049,0.0
INCOME_109146,0.0
INCOME_10923,0.0
INCOME_109254,0.0
INCOME_10927,0.0
INCOME_109445,0.0
INCOME_10956,0.0
INCOME_110100,0.0
INCOME_110129,0.0
INCOME_110227,0.0
INCOME_110559,0.0
INCOME_110759,0.0
INCOME_110938,0.0
INCOME_111120,0.0
INCOME_111245,0.0
INCOME_111620,0.0
INCOME_111671,0.0
INCOME_111933,0.0
INCOME_112301,0.0
INCOME_112820,0.0
INCOME_112829,0.0
INCOME_113146,0.0
INCOME_113184,0.0
INCOME_113521,0.0
INCOME_113836,0.0
INCOME_114325,0.0
INCOME_114501,0.0
INCOME_11452,0.0
INCOME_114543,0.0
INCOME_11468,0.0
INCOME_114719,0.0
INCOME_114832,0.0
INCOME_11496,0.0
INCOME_115208,0.0
INCOME_115508,0.0
INCOME_115571,0.0
INCOME_115583,0.0
INCOME_11563,0.0
INCOME_115632,0.0
INCOME_115950,0.0
INCOME_116170,0.0
INCOME_116287,0.0
INCOME_116667,0.0
INCOME_116733,0.0
INCOME_11703,0.0
INCOME_11711,0.0
INCOME_117718,0.0
INCOME_117843,0.0
INCOME_117877,0.0
INCOME_117949,0.0
INCOME_11797,0.0
INCOME_118039,0.0
INCOME_118075,0.0
INCOME_11808,0.0
INCOME_118186,0.0
INCOME_11837,0.0
INCOME_118594,0.0
INCOME_1188,0.0
INCOME_118964,0.0
INCOME_11917,0.0
INCOME_119181,0.0
INCOME_119187,0.0
INCOME_119452,0.0
INCOME_120034,0.0
INCOME_120081,0.0
INCOME_120210,0.0
INCOME_120253,0.0
INCOME_120287,0.0
INCOME_12033,0.0
INCOME_120407,0.0
INCOME_120819,0.0
INCOME_120944,0.0
INCOME_120993,0.0
INCOME_121127,0.0
INCOME_121688,0.0
INCOME_12184,0.0
INCOME_121847,0.0
INCOME_122065,0.0
INCOME_122126,0.0
INCOME_12225,0.0
INCOME_122345,0.0
INCOME_122413,0.0
INCOME_122743,0.0
INCOME_122814,0.0
INCOME_123039,0.0
INCOME_123094,0.0
INCOME_123167,0.0
INCOME_123308,0.0
INCOME_12351,0.0
INCOME_123577,0.0
INCOME_12359,0.0
INCOME_123669,0.0
INCOME_123712,0.0
INCOME_12396,0.0
INCOME_124062,0.0
INCOME_12419,0.0
INCOME_124464,0.0
INCOME_124719,0.0
INCOME_124749,0.0
INCOME_124908,0.0
INCOME_125012,0.0
INCOME_125059,0.0
INCOME_125107,0.0
INCOME_125217,0.0
INCOME_125245,0.0
INCOME_12531,0.0
INCOME_125312,0.0
INCOME_125586,0.0
INCOME_126006,0.0
INCOME_126127,0.0
INCOME_126387,0.0
INCOME_12644,0.0
INCOME_127279,0.0
INCOME_12729,0.0
INCOME_12732,0.0
INCOME_127324,0.0
INCOME_127363,0.0
INCOME_12742,0.0
INCOME_12745,0.0
INCOME_127623,0.0
INCOME_12814,0.0
INCOME_128394,0.0
INCOME_128656,0.0
INCOME_128666,0.0
INCOME_128806,0.0
INCOME_128872,0.0
INCOME_129121,0.0
INCOME_129263,0.0
INCOME_129654,0.0
INCOME_129657,0.0
INCOME_129683,0.0
INCOME_129983,0.0
INCOME_130324,0.0
INCOME_130718,0.0
INCOME_130734,0.0
INCOME_130930,0.0
INCOME_131060,0.0
INCOME_13109,0.0
INCOME_131131,0.0
INCOME_13114,0.0
INCOME_131275,0.0
INCOME_131279,0.0
INCOME_131345,0.0
INCOME_131493,0.0
INCOME_131502,0.0
INCOME_131508,0.0
INCOME_131580,0.0
INCOME_131749,0.0
INCOME_131947,0.0
INCOME_132093,0.0
INCOME_132238,0.0
INCOME_132454,0.0
INCOME_132560,0.0
INCOME_132828,0.0
INCOME_132959,0.0
INCOME_132998,0.0
INCOME_13327,0.0
INCOME_133903,0.0
INCOME_134017,0.0
INCOME_134021,0.0
INCOME_134296,0.0
INCOME_1345,0.0
INCOME_134526,0.0
INCOME_13457,0.0
INCOME_13462,0.0
INCOME_13480,0.0
INCOME_134929,0.0
INCOME_134944,0.0
INCOME_135022,0.0
INCOME_135361,0.0
INCOME_135415,0.0
INCOME_135523,0.0
INCOME_135533,0.0
INCOME_135641,0.0
INCOME_13571,0.0
INCOME_136379,0.0
INCOME_136447,0.0
INCOME_136455,0.0
INCOME_13649,0.0
INCOME_1365,0.0
INCOME_13665,0.0
INCOME_136849,0.0
INCOME_136909,0.0
INCOME_137023,0.0
INCOME_137149,0.0
INCOME_13723,0.0
INCOME_13725,0.0
INCOME_137331,0.0
INCOME_13736,0.0
INCOME_137787,0.0
INCOME_137934,0.0
INCOME_137966,0.0
INCOME_137970,0.0
INCOME_138036,0.0
INCOME_138066,0.0
INCOME_13828,0.0
INCOME_138481,0.0
INCOME_13850,0.0
INCOME_138579,0.0
INCOME_138871,0.0
INCOME_138920,0.0
INCOME_13894,0.0
INCOME_139010,0.0
INCOME_13943,0.0
INCOME_139445,0.0
INCOME_139580,0.0
INCOME_139721,0.0
INCOME_140676,0.0
INCOME_14071,0.0
INCOME_140791,0.0
INCOME_140921,0.0
INCOME_140959,0.0
INCOME_140992,0.0
INCOME_141134,0.0
INCOME_141212,0.0
INCOME_141227,0.0
INCOME_141668,0.0
INCOME_14171,0.0
INCOME_141757,0.0
INCOME_141879,0.0
INCOME_142038,0.0
INCOME_142163,0.0
INCOME_142226,0.0
INCOME_14252,0.0
INCOME_14257,0.0
INCOME_142632,0.0
INCOME_142815,0.0
INCOME_14296,0.0
INCOME_143273,0.0
INCOME_143354,0.0
INCOME_143422,0.0
INCOME_143496,0.0
INCOME_143815,0.0
INCOME_143870,0.0
INCOME_143969,0.0
INCOME_14426,0.0
INCOME_144334,0.0
INCOME_14452,0.0
INCOME_144547,0.0
INCOME_14457,0.0
INCOME_144653,0.0
INCOME_144740,0.0
INCOME_144815,0.0
INCOME_144936,0.0
INCOME_144988,0.0
INCOME_145066,0.0
INCOME_145133,0.0
INCOME_145552,0.0
INCOME_145806,0.0
INCOME_14598,0.0
INCOME_14609,0.0
INCOME_146123,0.0
INCOME_146171,0.0
INCOME_146303,0.0
INCOME_1465,0.0
INCOME_14695,0.0
INCOME_147045,0.0
INCOME_147217,0.0
INCOME_147344,0.0
INCOME_14746,0.0
INCOME_147466,0.0
INCOME_147952,0.0
INCOME_147972,0.0
INCOME_148043,0.0
INCOME_148364,0.0
INCOME_148381,0.0
INCOME_148688,0.0
INCOME_148868,0.0
INCOME_149105,0.0
INCOME_14923,0.0
INCOME_149237,0.0
INCOME_149254,0.0
INCOME_149267,0.0
INCOME_149451,0.0
INCOME_149463,0.0
INCOME_14948,0.0
INCOME_149598,0.0
INCOME_14976,0.0
INCOME_149961,0.0
INCOME_150242,0.0
INCOME_1510,0.0
INCOME_15102,0.0
INCOME_151392,0.0
INCOME_15162,0.0
INCOME_15184,0.0
INCOME_152273,0.0
INCOME_152838,0.0
INCOME_15322,0.0
INCOME_15345,0.0
INCOME_15365,0.0
INCOME_153897,0.0
INCOME_154780,0.0
INCOME_155217,0.0
INCOME_155270,0.0
INCOME_155387,0.0
INCOME_155650,0.0
INCOME_155793,0.0
INCOME_156047,0.0
INCOME_156706,0.0
INCOME_156742,0.0
INCOME_1568,0.0
INCOME_15694,0.0
INCOME_157179,0.0
INCOME_15734,0.0
INCOME_157382,0.0
INCOME_15797,0.0
INCOME_158036,0.0
INCOME_158234,0.0
INCOME_15859,0.0
INCOME_158705,0.0
INCOME_15871,0.0
INCOME_158763,0.0
INCOME_15924,0.0
INCOME_15933,0.0
INCOME_159753,0.0
INCOME_15999,0.0
INCOME_16069,0.0
INCOME_160700,0.0
INCOME_16107,0.0
INCOME_16117,0.0
INCOME_161670,0.0
INCOME_162122,0.0
INCOME_1627,0.0
INCOME_162769,0.0
INCOME_162970,0.0
INCOME_16350,0.0
INCOME_164137,0.0
INCOME_164151,0.0
INCOME_16437,0.0
INCOME_164694,0.0
INCOME_164805,0.0
INCOME_164809,0.0
INCOME_1649,0.0
INCOME_16495,0.0
INCOME_165057,0.0
INCOME_16514,0.0
INCOME_165555,0.0
INCOME_165781,0.0
INCOME_16584,0.0
INCOME_166284,0.0
INCOME_166975,0.0
INCOME_166985,0.0
INCOME_167025,0.0
INCOME_167127,0.0
INCOME_16715,0.0
INCOME_167435,0.0
INCOME_16759,0.0
INCOME_168278,0.0
INCOME_168445,0.0
INCOME_168759,0.0
INCOME_169096,0.0
INCOME_169132,0.0
INCOME_16914,0.0
INCOME_169152,0.0
INCOME_169158,0.0
INCOME_16931,0.0
INCOME_169675,0.0
INCOME_16988,0.0
INCOME_17063,0.0
INCOME_17116,0.0
INCOME_171859,0.0
INCOME_17196,0.0
INCOME_172015,0.0
INCOME_172186,0.0
INCOME_17241,0.0
INCOME_17254,0.0
INCOME_173200,0.0
INCOME_17348,0.0
INCOME_173500,0.0
INCOME_173712,0.0
INCOME_173717,0.0
INCOME_173921,0.0
INCOME_174117,0.0
INCOME_174411,0.0
INCOME_17443,0.0
INCOME_17462,0.0
INCOME_174746,0.0
INCOME_174990,0.0
INCOME_175,0.0
INCOME_17501,0.0
INCOME_175271,0.0
INCOME_175528,0.0
INCOME_175639,0.0
INCOME_175802,0.0
INCOME_176368,0.0
INCOME_176441,0.0
INCOME_176722,0.0
INCOME_1771,0.0
INCOME_177172,0.0
INCOME_177188,0.0
INCOME_177307,0.0
INCOME_177490,0.0
INCOME_177598,0.0
INCOME_17867,0.0
INCOME_1793,0.0
INCOME_18023,0.0
INCOME_18039,0.0
INCOME_180714,0.0
INCOME_181152,0.0
INCOME_181793,0.0
INCOME_18190,0.0
INCOME_18212,0.0
INCOME_18234,0.0
INCOME_18261,0.0
INCOME_182861,0.0
INCOME_18309,0.0
INCOME_18313,0.0
INCOME_18373,0.0
INCOME_18393,0.0
INCOME_18396,0.0
INCOME_18398,0.0
INCOME_184023,0.0
INCOME_184150,0.0
INCOME_18490,0.0
INCOME_18523,0.0
INCOME_185547,0.0
INCOME_1861,0.0
INCOME_186129,0.0
INCOME_186323,0.0
INCOME_186829,0.0
INCOME_18690,0.0
INCOME_1870,0.0
INCOME_187088,0.0
INCOME_187340,0.0
INCOME_188455,0.0
INCOME_18882,0.0
INCOME_18927,0.0
INCOME_189427,0.0
INCOME_189707,0.0
INCOME_189811,0.0
INCOME_190058,0.0
INCOME_19010,0.0
INCOME_190129,0.0
INCOME_190885,0.0
INCOME_19092,0.0
INCOME_191566,0.0
INCOME_191588,0.0
INCOME_192233,0.0
INCOME_192543,0.0
INCOME_19274,0.0
INCOME_19286,0.0
INCOME_193213,0.0
INCOME_1935,0.0
INCOME_19437,0.0
INCOME_194418,0.0
INCOME_194433,0.0
INCOME_194590,0.0
INCOME_1949,0.0
INCOME_194912,0.0
INCOME_19496,0.0
INCOME_195226,0.0
INCOME_195601,0.0
INCOME_19609,0.0
INCOME_1961,0.0
INCOME_19636,0.0
INCOME_19663,0.0
INCOME_19668,0.0
INCOME_197249,0.0
INCOME_197478,0.0
INCOME_197647,0.0
INCOME_197712,0.0
INCOME_197811,0.0
INCOME_19804,0.0
INCOME_198734,0.0
INCOME_19893,0.0
INCOME_199065,0.0
INCOME_199270,0.0
INCOME_199272,0.0
INCOME_201474,0.0
INCOME_20183,0.0
INCOME_20199,0.0
INCOME_20255,0.0
INCOME_203,0.0
INCOME_20442,0.0
INCOME_20501,0.0
INCOME_20568,0.0
INCOME_205778,0.0
INCOME_20634,0.0
INCOME_20656,0.0
INCOME_21145,0.0
INCOME_212024,0.0
INCOME_21261,0.0
INCOME_21292,0.0
INCOME_2130,0.0
INCOME_21349,0.0
INCOME_213687,0.0
INCOME_21379,0.0
INCOME_214184,0.0
INCOME_2150,0.0
INCOME_21500,0.0
INCOME_215021,0.0
INCOME_21514,0.0
INCOME_21608,0.0
INCOME_216323,0.0
INCOME_21641,0.0
INCOME_21644,0.0
INCOME_21670,0.0
INCOME_2169,0.0
INCOME_21740,0.0
INCOME_21846,0.0
INCOME_21969,0.0
INCOME_22088,0.0
INCOME_22142,0.0
INCOME_22285,0.0
INCOME_22435,0.0
INCOME_22479,0.0
INCOME_22583,0.0
INCOME_22587,0.0
INCOME_22588,0.0
INCOME_22774,0.0
INCOME_22790,0.0
INCOME_22851,0.0
INCOME_22852,0.0
INCOME_22928,0.0
INCOME_22974,0.0
INCOME_23010,0.0
INCOME_23058,0.0
INCOME_2318,0.0
INCOME_23215,0.0
INCOME_23273,0.0
INCOME_23285,0.0
INCOME_23295,0.0
INCOME_23438,0.0
INCOME_23551,0.0
INCOME_23597,0.0
INCOME_23603,0.0
INCOME_23622,0.0
INCOME_23649,0.0
INCOME_23795,0.0
INCOME_23820,0.0
INCOME_238291,0.0
INCOME_23953,0.0
INCOME_24163,0.0
INCOME_24313,0.0
INCOME_24362,0.0
INCOME_243914,0.0
INCOME_24441,0.0
INCOME_24454,0.0
INCOME_24501,0.0
INCOME_24524,0.0
INCOME_24528,0.0
INCOME_24588,0.0
INCOME_24620,0.0
INCOME_24717,0.0
INCOME_24783,0.0
INCOME_24860,0.0
INCOME_24868,0.0
INCOME_24889,0.0
INCOME_24904,0.0
INCOME_24927,0.0
INCOME_24941,0.0
INCOME_25103,0.0
INCOME_25228,0.0
INCOME_25257,0.0
INCOME_25267,0.0
INCOME_2530,0.0
INCOME_25313,0.0
INCOME_25411,0.0
INCOME_25432,0.0
INCOME_25464,0.0
INCOME_256037,0.0
INCOME_25674,0.0
INCOME_257031,0.0
INCOME_25776,0.0
INCOME_25799,0.0
INCOME_25862,0.0
INCOME_25931,0.0
INCOME_26032,0.0
INCOME_26046,0.0
INCOME_26142,0.0
INCOME_26184,0.0
INCOME_26188,0.0
INCOME_26236,0.0
INCOME_26336,0.0
INCOME_26349,0.0
INCOME_26665,0.0
INCOME_26696,0.0
INCOME_26828,0.0
INCOME_26876,0.0
INCOME_26921,0.0
INCOME_26960,0.0
INCOME_2697,0.0
INCOME_26977,0.0
INCOME_26982,0.0
INCOME_27023,0.0
INCOME_27082,0.0
INCOME_27094,0.0
INCOME_271579,0.0
INCOME_272461,0.0
INCOME_27336,0.0
INCOME_273914,0.0
INCOME_27463,0.0
INCOME_27495,0.0
INCOME_27570,0.0
INCOME_2759,0.0
INCOME_27638,0.0
INCOME_27679,0.0
INCOME_27684,0.0
INCOME_27767,0.0
INCOME_27808,0.0
INCOME_27823,0.0
INCOME_27832,0.0
INCOME_280681,0.0
INCOME_28111,0.0
INCOME_28213,0.0
INCOME_28236,0.0
INCOME_28403,0.0
INCOME_28439,0.0
INCOME_2850,0.0
INCOME_28546,0.0
INCOME_28610,0.0
INCOME_28645,0.0
INCOME_28728,0.0
INCOME_28938,0.0
INCOME_28990,0.0
INCOME_29101,0.0
INCOME_29148,0.0
INCOME_29229,0.0
INCOME_29343,0.0
INCOME_29381,0.0
INCOME_29456,0.0
INCOME_29491,0.0
INCOME_29502,0.0
INCOME_29580,0.0
INCOME_29593,0.0
INCOME_29640,0.0
INCOME_2965,0.0
INCOME_296655,0.0
INCOME_297071,0.0
INCOME_29870,0.0
INCOME_29880,0.0
INCOME_29993,0.0
INCOME_30037,0.0
INCOME_3016,0.0
INCOME_304721,0.0
INCOME_30527,0.0
INCOME_30598,0.0
INCOME_30635,0.0
INCOME_307634,0.0
INCOME_30873,0.0
INCOME_30884,0.0
INCOME_31117,0.0
INCOME_31281,0.0
INCOME_31291,0.0
INCOME_31466,0.0
INCOME_31608,0.0
INCOME_31669,0.0
INCOME_31693,0.0
INCOME_31791,0.0
INCOME_3186,0.0
INCOME_31923,0.0
INCOME_31959,0.0
INCOME_3196,0.0
INCOME_32000,0.0
INCOME_32111,0.0
INCOME_32143,0.0
INCOME_323094,0.0
INCOME_32355,0.0
INCOME_32470,0.0
INCOME_32496,0.0
INCOME_32526,0.0
INCOME_32625,0.0
INCOME_32745,0.0
INCOME_32775,0.0
INCOME_32823,0.0
INCOME_32965,0.0
INCOME_33059,0.0
INCOME_33084,0.0
INCOME_33126,0.0
INCOME_33186,0.0
INCOME_333413,0.0
INCOME_3347,0.0
INCOME_33562,0.0
INCOME_33710,0.0
INCOME_33757,0.0
INCOME_34020,0.0
INCOME_34039,0.0
INCOME_343035,0.0
INCOME_34450,0.0
INCOME_34514,0.0
INCOME_34525,0.0
INCOME_34609,0.0
INCOME_34650,0.0
INCOME_34838,0.0
INCOME_34863,0.0
INCOME_34908,0.0
INCOME_34930,0.0
INCOME_35021,0.0
INCOME_35053,0.0
INCOME_35184,0.0
INCOME_35211,0.0
INCOME_35223,0.0
INCOME_35255,0.0
INCOME_352586,0.0
INCOME_3527,0.0
INCOME_35506,0.0
INCOME_35587,0.0
INCOME_35635,0.0
INCOME_35666,0.0
INCOME_35708,0.0
INCOME_35857,0.0
INCOME_35866,0.0
INCOME_35925,0.0
INCOME_35982,0.0
INCOME_36049,0.0
INCOME_36076,0.0
INCOME_3617,0.0
INCOME_36170,0.0
INCOME_36277,0.0
INCOME_36283,0.0
INCOME_36404,0.0
INCOME_36501,0.0
INCOME_36620,0.0
INCOME_36629,0.0
INCOME_36708,0.0
INCOME_3679,0.0
INCOME_37008,0.0
INCOME_37145,0.0
INCOME_37167,0.0
INCOME_3717,0.0
INCOME_37227,0.0
INCOME_37439,0.0
INCOME_37675,0.0
INCOME_37771,0.0
INCOME_37797,0.0
INCOME_37900,0.0
INCOME_380,0.0
INCOME_3808,0.0
INCOME_38136,0.0
INCOME_382212,0.0
INCOME_38257,0.0
INCOME_38311,0.0
INCOME_38366,0.0
INCOME_38665,0.0
INCOME_38745,0.0
INCOME_38789,0.0
INCOME_38838,0.0
INCOME_38989,0.0
INCOME_391067,0.0
INCOME_39140,0.0
INCOME_3915,0.0
INCOME_392913,0.0
INCOME_39355,0.0
INCOME_39518,0.0
INCOME_39554,0.0
INCOME_39610,0.0
INCOME_39667,0.0
INCOME_39731,0.0
INCOME_39783,0.0
INCOME_3986,0.0
INCOME_39870,0.0
INCOME_39901,0.0
INCOME_40148,0.0
INCOME_40265,0.0
INCOME_40327,0.0
INCOME_40417,0.0
INCOME_40591,0.0
INCOME_405992,0.0
INCOME_406,0.0
INCOME_40783,0.0
INCOME_40815,0.0
INCOME_40940,0.0
INCOME_40962,0.0
INCOME_41031,0.0
INCOME_41069,0.0
INCOME_411896,0.0
INCOME_41217,0.0
INCOME_41471,0.0
INCOME_41485,0.0
INCOME_41632,0.0
INCOME_41658,0.0
INCOME_41726,0.0
INCOME_41757,0.0
INCOME_41821,0.0
INCOME_41856,0.0
INCOME_41887,0.0
INCOME_41914,0.0
INCOME_42056,0.0
INCOME_4209,0.0
INCOME_42187,0.0
INCOME_42252,0.0
INCOME_42410,0.0
INCOME_42496,0.0
INCOME_42503,0.0
INCOME_42567,0.0
INCOME_42632,0.0
INCOME_42670,0.0
INCOME_42738,0.0
INCOME_429,0.0
INCOME_429903,0.0
INCOME_43027,0.0
INCOME_43199,0.0
INCOME_43271,0.0
INCOME_43374,0.0
INCOME_43464,0.0
INCOME_43494,0.0
INCOME_43537,0.0
INCOME_435682,0.0
INCOME_4361,0.0
INCOME_43662,0.0
INCOME_43813,0.0
INCOME_43847,0.0
INCOME_43869,0.0
INCOME_43886,0.0
INCOME_43968,0.0
INCOME_44035,0.0
INCOME_44306,0.0
INCOME_44346,0.0
INCOME_44394,0.0
INCOME_44871,0.0
INCOME_44921,0.0
INCOME_44975,0.0
INCOME_450177,0.0
INCOME_450393,0.0
INCOME_45280,0.0
INCOME_45291,0.0
INCOME_45458,0.0
INCOME_456,0.0
INCOME_457995,0.0
INCOME_45809,0.0
INCOME_45976,0.0
INCOME_46009,0.0
INCOME_46134,0.0
INCOME_46192,0.0
INCOME_462279,0.0
INCOME_46256,0.0
INCOME_46305,0.0
INCOME_46325,0.0
INCOME_46491,0.0
INCOME_46518,0.0
INCOME_46604,0.0
INCOME_46644,0.0
INCOME_46681,0.0
INCOME_46751,0.0
INCOME_46753,0.0
INCOME_469340,0.0
INCOME_46964,0.0
INCOME_46984,0.0
INCOME_47141,0.0
INCOME_4715,0.0
INCOME_47154,0.0
INCOME_471865,0.0
INCOME_47197,0.0
INCOME_47229,0.0
INCOME_47314,0.0
INCOME_47322,0.0
INCOME_47335,0.0
INCOME_474,0.0
INCOME_47503,0.0
INCOME_47587,0.0
INCOME_47627,0.0
INCOME_47639,0.0
INCOME_47644,0.0
INCOME_476805,0.0
INCOME_47691,0.0
INCOME_476984,0.0
INCOME_477519,0.0
INCOME_47802,0.0
INCOME_47890,0.0
INCOME_4801,0.0
INCOME_48030,0.0
INCOME_48077,0.0
INCOME_48129,0.0
INCOME_48162,0.0
INCOME_48169,0.0
INCOME_48349,0.0
INCOME_48412,0.0
INCOME_48441,0.0
INCOME_48604,0.0
INCOME_48652,0.0
INCOME_48659,0.0
INCOME_48737,0.0
INCOME_48753,0.0
INCOME_488649,0.0
INCOME_48867,0.0
INCOME_48987,0.0
INCOME_49021,0.0
INCOME_49293,0.0
INCOME_49298,0.0
INCOME_4952,0.0
INCOME_496,0.0
INCOME_497,0.0
INCOME_49758,0.0
INCOME_4977,0.0
INCOME_49782,0.0
INCOME_49862,0.0
INCOME_49946,0.0
INCOME_50085,0.0
INCOME_50134,0.0
INCOME_50264,0.0
INCOME_50349,0.0
INCOME_50361,0.0
INCOME_50461,0.0
INCOME_50494,0.0
INCOME_50619,0.0
INCOME_506448,0.0
INCOME_50696,0.0
INCOME_50788,0.0
INCOME_510539,0.0
INCOME_51056,0.0
INCOME_51298,0.0
INCOME_51397,0.0
INCOME_5151,0.0
INCOME_51515,0.0
INCOME_51543,0.0
INCOME_5158,0.0
INCOME_51673,0.0
INCOME_518446,0.0
INCOME_5208,0.0
INCOME_52103,0.0
INCOME_52108,0.0
INCOME_52134,0.0
INCOME_521820,0.0
INCOME_52264,0.0
INCOME_52366,0.0
INCOME_525171,0.0
INCOME_5254,0.0
INCOME_52649,0.0
INCOME_52763,0.0
INCOME_52786,0.0
INCOME_528,0.0
INCOME_52855,0.0
INCOME_53011,0.0
INCOME_53139,0.0
INCOME_53177,0.0
INCOME_534300,0.0
INCOME_53658,0.0
INCOME_53683,0.0
INCOME_53752,0.0
INCOME_53906,0.0
INCOME_53913,0.0
INCOME_53947,0.0
INCOME_53993,0.0
INCOME_54250,0.0
INCOME_54267,0.0
INCOME_54286,0.0
INCOME_54312,0.0
INCOME_54415,0.0
INCOME_54476,0.0
INCOME_54595,0.0
INCOME_54673,0.0
INCOME_54835,0.0
INCOME_54927,0.0
INCOME_55014,0.0
INCOME_55033,0.0
INCOME_55046,0.0
INCOME_55421,0.0
INCOME_55465,0.0
INCOME_55470,0.0
INCOME_55676,0.0
INCOME_55777,0.0
INCOME_55788,0.0
INCOME_55791,0.0
INCOME_55800,0.0
INCOME_55830,0.0
INCOME_56127,0.0
INCOME_56165,0.0
INCOME_563280,0.0
INCOME_56415,0.0
INCOME_56435,0.0
INCOME_56514,0.0
INCOME_566,0.0
INCOME_5677,0.0
INCOME_568242,0.0
INCOME_56878,0.0
INCOME_56944,0.0
INCOME_56951,0.0
INCOME_56974,0.0
INCOME_57015,0.0
INCOME_57023,0.0
INCOME_57077,0.0
INCOME_571855,0.0
INCOME_57230,0.0
INCOME_57248,0.0
INCOME_575296,0.0
INCOME_57545,0.0
INCOME_57628,0.0
INCOME_57637,0.0
INCOME_5785,0.0
INCOME_57861,0.0
INCOME_57940,0.0
INCOME_580378,0.0
INCOME_58070,0.0
INCOME_58087,0.0
INCOME_58182,0.0
INCOME_58289,0.0
INCOME_58504,0.0
INCOME_58580,0.0
INCOME_58747,0.0
INCOME_587615,0.0
INCOME_5877,0.0
INCOME_58788,0.0
INCOME_588999,0.0
INCOME_590033,0.0
INCOME_59075,0.0
INCOME_59168,0.0
INCOME_59250,0.0
INCOME_59335,0.0
INCOME_59390,0.0
INCOME_59418,0.0
INCOME_59454,0.0
INCOME_59497,0.0
INCOME_595760,0.0
INCOME_59611,0.0
INCOME_59632,0.0
INCOME_5972,0.0
INCOME_59746,0.0
INCOME_59750,0.0
INCOME_59768,0.0
INCOME_59796,0.0
INCOME_59823,0.0
INCOME_59948,0.0
INCOME_60005,0.0
INCOME_600185,0.0
INCOME_60060,0.0
INCOME_60067,0.0
INCOME_60092,0.0
INCOME_60207,0.0
INCOME_603376,0.0
INCOME_60408,0.0
INCOME_60511,0.0
INCOME_605415,0.0
INCOME_60556,0.0
INCOME_60621,0.0
INCOME_6074,0.0
INCOME_60838,0.0
INCOME_6098,0.0
INCOME_6100,0.0
INCOME_61413,0.0
INCOME_61429,0.0
INCOME_61439,0.0
INCOME_61578,0.0
INCOME_61625,0.0
INCOME_6170,0.0
INCOME_61729,0.0
INCOME_61731,0.0
INCOME_61842,0.0
INCOME_618467,0.0
INCOME_61941,0.0
INCOME_62051,0.0
INCOME_621299,0.0
INCOME_62132,0.0
INCOME_6214,0.0
INCOME_62442,0.0
INCOME_62472,0.0
INCOME_625615,0.0
INCOME_627253,0.0
INCOME_62751,0.0
INCOME_62875,0.0
INCOME_62930,0.0
INCOME_63046,0.0
INCOME_630655,0.0
INCOME_63243,0.0
INCOME_63275,0.0
INCOME_6334,0.0
INCOME_63346,0.0
INCOME_63412,0.0
INCOME_63452,0.0
INCOME_635662,0.0
INCOME_63661,0.0
INCOME_63927,0.0
INCOME_63930,0.0
INCOME_63931,0.0
INCOME_639733,0.0
INCOME_640,0.0
INCOME_640306,0.0
INCOME_64039,0.0
INCOME_641077,0.0
INCOME_6418,0.0
INCOME_64398,0.0
INCOME_64463,0.0
INCOME_64482,0.0
INCOME_64484,0.0
INCOME_64509,0.0
INCOME_64567,0.0
INCOME_64575,0.0
INCOME_647,0.0
INCOME_64775,0.0
INCOME_64878,0.0
INCOME_64928,0.0
INCOME_64965,0.0
INCOME_65100,0.0
INCOME_6517,0.0
INCOME_65175,0.0
INCOME_65183,0.0
INCOME_65240,0.0
INCOME_65288,0.0
INCOME_65321,0.0
INCOME_65479,0.0
INCOME_65609,0.0
INCOME_657482,0.0
INCOME_65771,0.0
INCOME_65862,0.0
INCOME_65876,0.0
INCOME_66056,0.0
INCOME_66134,0.0
INCOME_66318,0.0
INCOME_66458,0.0
INCOME_66467,0.0
INCOME_66554,0.0
INCOME_66571,0.0
INCOME_66693,0.0
INCOME_67045,0.0
INCOME_67061,0.0
INCOME_670615,0.0
INCOME_6708,0.0
INCOME_67086,0.0
INCOME_67299,0.0
INCOME_67607,0.0
INCOME_678254,0.0
INCOME_68035,0.0
INCOME_6807,0.0
INCOME_68150,0.0
INCOME_68263,0.0
INCOME_68382,0.0
INCOME_68626,0.0
INCOME_687,0.0
INCOME_68715,0.0
INCOME_68863,0.0
INCOME_68951,0.0
INCOME_69049,0.0
INCOME_69237,0.0
INCOME_69330,0.0
INCOME_693491,0.0
INCOME_693495,0.0
INCOME_69402,0.0
INCOME_69448,0.0
INCOME_6946,0.0
INCOME_694946,0.0
INCOME_6954,0.0
INCOME_69624,0.0
INCOME_69644,0.0
INCOME_69726,0.0
INCOME_69857,0.0
INCOME_69915,0.0
INCOME_69956,0.0
INCOME_70115,0.0
INCOME_70157,0.0
INCOME_70244,0.0
INCOME_70350,0.0
INCOME_70510,0.0
INCOME_70559,0.0
INCOME_70570,0.0
INCOME_70594,0.0
INCOME_70618,0.0
INCOME_70647,0.0
INCOME_70687,0.0
INCOME_707577,0.0
INCOME_7088,0.0
INCOME_70952,0.0
INCOME_710015,0.0
INCOME_71027,0.0
INCOME_71039,0.0
INCOME_71053,0.0
INCOME_71109,0.0
INCOME_71193,0.0
INCOME_711997,0.0
INCOME_71434,0.0
INCOME_71505,0.0
INCOME_71628,0.0
INCOME_71823,0.0
INCOME_718591,0.0
INCOME_718802,0.0
INCOME_72008,0.0
INCOME_72089,0.0
INCOME_72364,0.0
INCOME_72698,0.0
INCOME_72846,0.0
INCOME_72847,0.0
INCOME_72863,0.0
INCOME_72884,0.0
INCOME_73045,0.0
INCOME_73046,0.0
INCOME_731057,0.0
INCOME_733523,0.0
INCOME_73428,0.0
INCOME_73446,0.0
INCOME_7350,0.0
INCOME_7367,0.0
INCOME_7370,0.0
INCOME_73711,0.0
INCOME_7375,0.0
INCOME_73769,0.0
INCOME_73795,0.0
INCOME_73796,0.0
INCOME_73915,0.0
INCOME_73932,0.0
INCOME_74013,0.0
INCOME_742231,0.0
INCOME_74255,0.0
INCOME_74290,0.0
INCOME_74397,0.0
INCOME_74458,0.0
INCOME_74503,0.0
INCOME_74691,0.0
INCOME_74716,0.0
INCOME_74796,0.0
INCOME_748309,0.0
INCOME_74866,0.0
INCOME_7493,0.0
INCOME_7503,0.0
INCOME_75056,0.0
INCOME_7512,0.0
INCOME_75126,0.0
INCOME_75185,0.0
INCOME_75265,0.0
INCOME_752923,0.0
INCOME_752976,0.0
INCOME_75455,0.0
INCOME_75465,0.0
INCOME_75706,0.0
INCOME_75721,0.0
INCOME_758263,0.0
INCOME_75966,0.0
INCOME_75994,0.0
INCOME_76127,0.0
INCOME_76358,0.0
INCOME_7638,0.0
INCOME_76441,0.0
INCOME_76448,0.0
INCOME_76450,0.0
INCOME_76487,0.0
INCOME_76538,0.0
INCOME_76549,0.0
INCOME_77031,0.0
INCOME_77228,0.0
INCOME_77305,0.0
INCOME_773246,0.0
INCOME_77627,0.0
INCOME_77782,0.0
INCOME_77816,0.0
INCOME_78117,0.0
INCOME_78135,0.0
INCOME_78174,0.0
INCOME_78252,0.0
INCOME_782884,0.0
INCOME_7831,0.0
INCOME_78330,0.0
INCOME_78382,0.0
INCOME_783863,0.0
INCOME_783868,0.0
INCOME_78462,0.0
INCOME_784728,0.0
INCOME_785079,0.0
INCOME_78674,0.0
INCOME_78760,0.0
INCOME_788596,0.0
INCOME_78892,0.0
INCOME_791541,0.0
INCOME_79256,0.0
INCOME_792940,0.0
INCOME_79376,0.0
INCOME_79439,0.0
INCOME_79451,0.0
INCOME_795076,0.0
INCOME_79640,0.0
INCOME_7972,0.0
INCOME_800317,0.0
INCOME_8006,0.0
INCOME_80065,0.0
INCOME_80092,0.0
INCOME_80165,0.0
INCOME_80174,0.0
INCOME_80411,0.0
INCOME_805302,0.0
INCOME_80734,0.0
INCOME_809176,0.0
INCOME_8093,0.0
INCOME_80997,0.0
INCOME_81172,0.0
INCOME_81442,0.0
INCOME_81465,0.0
INCOME_81694,0.0
INCOME_81749,0.0
INCOME_817528,0.0
INCOME_81755,0.0
INCOME_8178,0.0
INCOME_818821,0.0
INCOME_82067,0.0
INCOME_82332,0.0
INCOME_82367,0.0
INCOME_824051,0.0
INCOME_82493,0.0
INCOME_82514,0.0
INCOME_82591,0.0
INCOME_82684,0.0
INCOME_82855,0.0
INCOME_82921,0.0
INCOME_82991,0.0
INCOME_83074,0.0
INCOME_83084,0.0
INCOME_83130,0.0
INCOME_83173,0.0
INCOME_83186,0.0
INCOME_83353,0.0
INCOME_83355,0.0
INCOME_83407,0.0
INCOME_83427,0.0
INCOME_835287,0.0
INCOME_83567,0.0
INCOME_8362,0.0
INCOME_837010,0.0
INCOME_837881,0.0
INCOME_83853,0.0
INCOME_84019,0.0
INCOME_84029,0.0
INCOME_8405,0.0
INCOME_84090,0.0
INCOME_84125,0.0
INCOME_8422,0.0
INCOME_84398,0.0
INCOME_84408,0.0
INCOME_84432,0.0
INCOME_8456,0.0
INCOME_84692,0.0
INCOME_84744,0.0
INCOME_84756,0.0
INCOME_84899,0.0
INCOME_84978,0.0
INCOME_850715,0.0
INCOME_85129,0.0
INCOME_85181,0.0
INCOME_85267,0.0
INCOME_85308,0.0
INCOME_853505,0.0
INCOME_854585,0.0
INCOME_85495,0.0
INCOME_85689,0.0
INCOME_85800,0.0
INCOME_8585,0.0
INCOME_85851,0.0
INCOME_85952,0.0
INCOME_86099,0.0
INCOME_8621,0.0
INCOME_86253,0.0
INCOME_86285,0.0
INCOME_86312,0.0
INCOME_86337,0.0
INCOME_86374,0.0
INCOME_86510,0.0
INCOME_865978,0.0
INCOME_86618,0.0
INCOME_86705,0.0
INCOME_86996,0.0
INCOME_870971,0.0
INCOME_87113,0.0
INCOME_87126,0.0
INCOME_87170,0.0
INCOME_87177,0.0
INCOME_87310,0.0
INCOME_87488,0.0
INCOME_87533,0.0
INCOME_87766,0.0
INCOME_878930,0.0
INCOME_879161,0.0
INCOME_87932,0.0
INCOME_87968,0.0
INCOME_8798,0.0
INCOME_88134,0.0
INCOME_88164,0.0
INCOME_88340,0.0
INCOME_8842,0.0
INCOME_88439,0.0
INCOME_88667,0.0
INCOME_88753,0.0
INCOME_88808,0.0
INCOME_89160,0.0
INCOME_89166,0.0
INCOME_893513,0.0
INCOME_89551,0.0
INCOME_89699,0.0
INCOME_89903,0.0
INCOME_89942,0.0
INCOME_90120,0.0
INCOME_90189,0.0
INCOME_90256,0.0
INCOME_90346,0.0
INCOME_90385,0.0
INCOME_90470,0.0
INCOME_9053,0.0
INCOME_90666,0.0
INCOME_908006,0.0
INCOME_90844,0.0
INCOME_90861,0.0
INCOME_90889,0.0
INCOME_909007,0.0
INCOME_9096,0.0
INCOME_91046,0.0
INCOME_91275,0.0
INCOME_91339,0.0
INCOME_91437,0.0
INCOME_91549,0.0
INCOME_915579,0.0
INCOME_91658,0.0
INCOME_91996,0.0
INCOME_9204,0.0
INCOME_92043,0.0
INCOME_9205,0.0
INCOME_92109,0.0
INCOME_923587,0.0
INCOME_92379,0.0
INCOME_9244,0.0
INCOME_92679,0.0
INCOME_92745,0.0
INCOME_92961,0.0
INCOME_9309,0.0
INCOME_931021,0.0
INCOME_93213,0.0
INCOME_93272,0.0
INCOME_93330,0.0
INCOME_93352,0.0
INCOME_93367,0.0
INCOME_93427,0.0
INCOME_93495,0.0
INCOME_93574,0.0
INCOME_93592,0.0
INCOME_93630,0.0
INCOME_93639,0.0
INCOME_94105,0.0
INCOME_9411,0.0
INCOME_94123,0.0
INCOME_9435,0.0
INCOME_94446,0.0
INCOME_94561,0.0
INCOME_94798,0.0
INCOME_9486,0.0
INCOME_948658,0.0
INCOME_95064,0.0
INCOME_95111,0.0
INCOME_9535,0.0
INCOME_95440,0.0
INCOME_95456,0.0
INCOME_95532,0.0
INCOME_95576,0.0
INCOME_956226,0.0
INCOME_95654,0.0
INCOME_95761,0.0
INCOME_95785,0.0
INCOME_95801,0.0
INCOME_95873,0.0
INCOME_95992,0.0
INCOME_96006,0.0
INCOME_96063,0.0
INCOME_96389,0.0
INCOME_96507,0.0
INCOME_96522,0.0
INCOME_96599,0.0
INCOME_96630,0.0
INCOME_9699,0.0
INCOME_97068,0.0
INCOME_97104,0.0
INCOME_97336,0.0
INCOME_97348,0.0
INCOME_97350,0.0
INCOME_97353,0.0
INCOME_97385,0.0
enc_emergency,0.0
INCOME_974896,0.0
INCOME_97556,0.0
INCOME_97877,0.0
INCOME_98059,0.0
INCOME_98081,0.0
INCOME_98107,0.0
INCOME_98171,0.0
INCOME_98240,0.0
INCOME_982413,0.0
INCOME_982465,0.0
INCOME_98360,0.0
INCOME_98479,0.0
INCOME_985461,0.0
INCOME_986406,0.0
enc_inpatient,0.0
enc_hospice,0.0
INCOME_9886,0.0
INCOME_98900,0.0
INCOME_99126,0.0
INCOME_99238,0.0
INCOME_99408,0.0
INCOME_99458,0.0
INCOME_994653,0.0
INCOME_99518,0.0
INCOME_99702,0.0
INCOME_99708,0.0
INCOME_99871,0.0
INCOME_99922,0.0
INCOME_9995,0.0
INCOME_9997,0.0
enc_snf,0.0
